experiment,tag,population,model,features,label,split,fold,region,n,n_pos,prevalence,roc_auc,ap,auc_ci95,ap_ci95,brier,ece,logloss,thr_valmaxF1,precision,recall_sensitivity,specificity,f1,train_rows,fit_sec,date
repro,RF_v1_histlabel_80_20,all,RF,v1_57,y_v1_hist_shifted,80/20 stratified rs42,,,832202,54015,0.06490611654381989,0.9704471015873686,0.7011235367097762,,,0.05314677428565261,0.07033910870011124,0.16479424156314354,,,,,,3328807.0,252.81775426864624,2026-09-24T18:25:11
repro,MaxEnt_v1_histlabel_80_20_150k,all,MaxEnt(elapid),v1_57,y_v1_hist_shifted,80/20 stratified rs42,,,832202,54015,0.06490611654381989,0.959807125778993,0.6275323865193543,,,0.04054975357446056,0.027406790852761424,0.1409932294628158,,,,,,150000.0,1894.537757396698,2026-09-24T18:57:29
trackA,RF_v2,all,RF,v2_57,y_all,v2 random 65/15/20 stratified rs42,,,832154,53682,0.06450969411911738,0.9749735084314194,0.720031563442909,"[0.9746357107237841, 0.9752431677957626]","[0.7166142640515272, 0.7231197099161268]",0.05116293964225179,0.063979011170038,0.154874712632988,0.7998798065797879,0.6147599373130076,0.7234268469878171,0.9687387600324738,0.6646812662062592,2704498.0,162.5016486644745,2026-09-24T19:01:12
trackA,RF_v2,forest,RF,v2_57,y_all,v2 random 65/15/20 stratified rs42,,,238859,53481,0.22390196726939324,0.8970765520860362,0.7212450297922128,"[0.8957320048431764, 0.898264983413361]","[0.7181288001327721, 0.7241527076284159]",0.17745090543324005,0.21929257861754695,0.5332675779778085,0.7998798065797879,0.6146463526654208,0.7256782782670481,0.8687438638889189,0.6655633965855793,2704498.0,162.5016486644745,2026-09-24T19:01:12
trackA,RF_v1_corrlabel,all,RF,v1_57,y_all,v2 random 65/15/20 stratified rs42,,,832154,53682,0.06450969411911738,0.9753953830039062,0.7239802067269053,"[0.9750583717042507, 0.9756588626815191]","[0.7210379180494524, 0.7269293785161854]",0.050021325078847066,0.06283402102591269,0.15157720831529606,0.7950509120287995,0.6234050487199857,0.7162736112663463,0.970162061063211,0.6666204349823597,2704498.0,155.32460522651672,2026-09-24T19:07:28
trackA,RF_v1_corrlabel,forest,RF,v1_57,y_all,v2 random 65/15/20 stratified rs42,,,238859,53481,0.22390196726939324,0.898123693372619,0.724803305315416,"[0.896856799878824, 0.8993763513707757]","[0.7217229302921067, 0.7275966806177596]",0.17345255407704457,0.21547507319606876,0.5227727020682513,0.7968413045431949,0.6249857201142391,0.7160673884183167,0.8760424645858732,0.667433511101816,2704498.0,155.32460522651672,2026-09-24T19:07:28
trackA,RF_v1_corrlabel_minus_labelderived,all,RF,v1_minus_labelderived,y_all,v2 random 65/15/20 stratified rs42,,,832154,53682,0.06450969411911738,0.9754539976096536,0.7245985631747756,"[0.9751452067910406, 0.9757458251192525]","[0.7217145684170316, 0.7277276534800583]",0.05008326414855688,0.06294660628587265,0.1517941530419933,0.7761216647247596,0.6093980570585342,0.7385157035877948,0.9673578497364067,0.6677727433509071,2704498.0,155.29963088035583,2026-09-24T19:10:53
trackA,RF_v1_corrlabel_minus_labelderived,forest,RF,v1_minus_labelderived,y_all,v2 random 65/15/20 stratified rs42,,,238859,53481,0.22390196726939324,0.8983539237806873,0.7254320671493236,"[0.8970706766969282, 0.8996012213606445]","[0.7224105547761979, 0.728018422420172]",0.1736757915752639,0.21598618754466564,0.5235894083121225,0.7865814798592932,0.6171954154002026,0.7289878648491988,0.8695584157774925,0.6684497938259222,2704498.0,155.29963088035583,2026-09-24T19:10:53
trackA,RF_v1_histlabel,all,RF,v1_57,y_v1_hist_shifted,v2 random 65/15/20 stratified rs42,,,832154,53757,0.06459982166762403,0.9699103043246369,0.6947292356347157,"[0.969573473458172, 0.970275359502764]","[0.6921811790565111, 0.6980790494265562]",0.0531167306677671,0.0699028045134294,0.16474573321832148,0.7750350295282253,0.6003614343235788,0.7045035995312239,0.967612927593503,0.6482766884345125,2704498.0,162.98003506660461,2026-09-24T19:14:32
trackA,RF_v1_histlabel,forest,RF,v1_57,y_v1_hist_shifted,v2 random 65/15/20 stratified rs42,,,238859,52803,0.2210634725926174,0.8867193691239562,0.7015894967050997,"[0.8851685247699603, 0.8885442529818534]","[0.6973811161756143, 0.7056171348384598]",0.179974738150271,0.2258962642181619,0.5428185452973338,0.7924559792126418,0.6148050164928085,0.6953771566009507,0.8763544309240229,0.6526136181860193,2704498.0,162.98003506660461,2026-09-24T19:14:32
trackA,RF_biswas15,all,RF,biswas15,y_all,v2 random 65/15/20 stratified rs42,,,832154,53682,0.06450969411911738,0.9703848581014018,0.6919155685194487,"[0.9699778827236333, 0.9707390834100971]","[0.6888477361147449, 0.695742335288376]",0.05287195654324039,0.06863350726787663,0.16388133092646257,0.7926216063239486,0.6057250483040802,0.6949443016281063,0.9688068421214893,0.6472746831379966,2704498.0,103.03944993019104,2026-09-24T19:17:03
trackA,RF_biswas15,forest,RF,biswas15,y_all,v2 random 65/15/20 stratified rs42,,,238859,53481,0.22390196726939324,0.8847624426846665,0.698030761632246,"[0.8833436561321024, 0.8859982968308984]","[0.6947689693850644, 0.7013431823521988]",0.17675671880926816,0.2088776583277807,0.5319056521416251,0.7926216063239486,0.6101233880085863,0.6962098689254128,0.8716514365242909,0.6503301079400565,2704498.0,103.03944993019104,2026-09-24T19:17:03
trackA,RF_cdr7static,all,RF,cdr7_static_1km,y_all,v2 random 65/15/20 stratified rs42,,,832154,53682,0.06450969411911738,0.9576357866450098,0.5467049099610621,"[0.9572814526633141, 0.9580778863691307]","[0.5430055224705963, 0.5508580034548317]",0.07039424432889244,0.08253914526154801,0.2076922404849356,0.774901550905406,0.46872267029443204,0.7188443053537499,0.9438142926142494,0.5674435703257114,2704498.0,82.38807582855225,2026-09-24T19:20:20
trackA,RF_cdr7static,forest,RF,cdr7_static_1km,y_all,v2 random 65/15/20 stratified rs42,,,238859,53481,0.22390196726939324,0.8261018881754104,0.5478792336952402,"[0.8243274348094307, 0.8276682078299213]","[0.5446163507010455, 0.5517610294470994]",0.24420886651670815,0.283916299749002,0.7152478009741643,0.774901550905406,0.46871317678786184,0.7214524784502908,0.764076643398893,0.5682474226804124,2704498.0,82.38807582855225,2026-09-24T19:20:20
trackA,RF_v2_minus_landcover,all,RF,v2_minus_landcover,y_all,v2 random 65/15/20 stratified rs42,,,832154,53682,0.06450969411911738,0.9717121959628932,0.6982573948609476,"[0.9713354629463091, 0.9720830835999279]","[0.6953052070474544, 0.7017618732856203]",0.05162362418391088,0.06620806933881701,0.16067922519525699,0.7545492311590195,0.5802728074870178,0.7472895942774114,0.9627256985479247,0.6532752513943737,2704498.0,149.159601688385,2026-09-24T19:23:39
trackA,RF_v2_minus_landcover,forest,RF,v2_minus_landcover,y_all,v2 random 65/15/20 stratified rs42,,,238859,53481,0.22390196726939324,0.8893257222500615,0.7042238435631463,"[0.8879959767978547, 0.8905805001619042]","[0.7005120580653316, 0.7079454307483377]",0.17314374895257703,0.20382729400944583,0.5246660566681831,0.7545492311590195,0.5847304164962907,0.7486771002786036,0.8466053145464942,0.6566248759808785,2704498.0,149.159601688385,2026-09-24T19:23:39
trackA,RF_v2_minus_trends,all,RF,v2_minus_trends,y_all,v2 random 65/15/20 stratified rs42,,,832154,53682,0.06450969411911738,0.9736256653329022,0.7073457780254773,"[0.9732474804974987, 0.9738958511410069]","[0.7040361166097583, 0.7106393149872446]",0.053661233593090725,0.06715809031562703,0.16132501484919967,0.7971045878132571,0.5955145441212417,0.7261279386013934,0.9659897851175122,0.6543672044184056,2704498.0,131.53217673301697,2026-09-24T19:26:39
trackA,RF_v2_minus_trends,forest,RF,v2_minus_trends,y_all,v2 random 65/15/20 stratified rs42,,,238859,53481,0.22390196726939324,0.8914622803941674,0.7085677435966471,"[0.8901164236433363, 0.8928500699235584]","[0.7054380768663617, 0.7117571042593742]",0.18613426724547763,0.23042513587929803,0.5556661398282927,0.7971045878132571,0.5954029312426451,0.7284643144294235,0.8571890947145832,0.6552466488386565,2704498.0,131.53217673301697,2026-09-24T19:26:39
trackA,RF_v2_minus_terrain,all,RF,v2_minus_terrain,y_all,v2 random 65/15/20 stratified rs42,,,832154,53682,0.06450969411911738,0.975076414408966,0.7223579169332457,"[0.9747509812411069, 0.9753647297683581]","[0.7186120962712028, 0.7253282086385003]",0.050803479559723856,0.06350216876604577,0.15405522891778778,0.8075979777752806,0.6259282939064574,0.711243992399687,0.9706887338272925,0.6658644413634343,2704498.0,151.37946391105652,2026-09-24T19:29:58
trackA,RF_v2_minus_terrain,forest,RF,v2_minus_terrain,y_all,v2 random 65/15/20 stratified rs42,,,238859,53481,0.22390196726939324,0.8976858307471092,0.723583636144501,"[0.8963456848701085, 0.898858619404102]","[0.7205015162668978, 0.7261731322049716]",0.17618316380257915,0.21770551765947074,0.5303402351495007,0.8075979777752806,0.625801689493972,0.7133748434023298,0.8769379322249674,0.6667249183020812,2704498.0,151.37946391105652,2026-09-24T19:29:58
trackA,RF_v2_label_conf30,all,RF,v2_57,y_conf_ge30,v2 random 65/15/20 stratified rs42,,,832154,52308,0.06285855743047561,0.9747192936117234,0.7131135608238375,"[0.9744412809391955, 0.9750974551943492]","[0.7097016500334935, 0.7170888552819177]",0.051115178307873196,0.06421303241090244,0.15446863523515086,0.7998562422867248,0.61102344271096,0.7180354821442226,0.9693401004813771,0.6602213101066121,2704498.0,157.20149540901184,2026-09-24T19:33:23
trackA,RF_v2_label_conf30,forest,RF,v2_57,y_conf_ge30,v2 random 65/15/20 stratified rs42,,,238859,52110,0.21816217936104565,0.8966032319639378,0.714327842647306,"[0.8953175376690682, 0.8978214625843144]","[0.711030791559243, 0.7173533926574668]",0.17729753266042708,0.22021645383358066,0.5319579279340971,0.7998562422867248,0.6109112807408733,0.7203032047591633,0.8719886050259975,0.6611126278060078,2704498.0,157.20149540901184,2026-09-24T19:33:23
trackA,RF_v2_label_type0,all,RF,v2_57,y_type0,v2 random 65/15/20 stratified rs42,,,832154,53652,0.06447364309971472,0.975039999892929,0.7204721275034106,"[0.974733624138719, 0.9753814332480766]","[0.7165685616013543, 0.7238639481123477]",0.051149694686617224,0.06401923927522346,0.154812767262195,0.8005099687409285,0.616095972034639,0.722694400954298,0.9689647553891961,0.66515134620498,2704498.0,159.3782229423523,2026-09-24T19:36:50
trackA,RF_v2_label_type0,forest,RF,v2_57,y_type0,v2 random 65/15/20 stratified rs42,,,238859,53451,0.2237763701598014,0.8973138267973337,0.7216644687575585,"[0.8957793403018741, 0.8987042637360523]","[0.7179553054691333, 0.7248992164552508]",0.17740489906039603,0.2194443683469103,0.5331201667445638,0.8005099687409285,0.6159764724584691,0.7249256328225852,0.869708966171902,0.6660249578878613,2704498.0,159.3782229423523,2026-09-24T19:36:50
trackA,RF_v2_label_conf30_type0,all,RF,v2_57,y_conf_ge30_type0,v2 random 65/15/20 stratified rs42,,,832154,52279,0.06282370811171971,0.9747002245749032,0.7128014040249465,"[0.9744009074571449, 0.9750428511313752]","[0.7099532026939533, 0.7163272867098127]",0.051426763594534346,0.06458979700202266,0.1552754175463486,0.7923800008162243,0.600822785807733,0.7291264178733334,0.967526847251162,0.6587857105822575,2704498.0,156.30310654640198,2026-09-24T19:40:15
trackA,RF_v2_label_conf30_type0,forest,RF,v2_57,y_conf_ge30_type0,v2 random 65/15/20 stratified rs42,,,238859,52081,0.2180407688217735,0.8965277297872495,0.7140177329011774,"[0.895237188127704, 0.8977483677272446]","[0.7109431018252914, 0.7179197977336826]",0.17838313523043253,0.22159460440357634,0.5348401131690901,0.7923800008162243,0.6007127875987573,0.7314183675428659,0.8644379959095825,0.6596533153237398,2704498.0,156.30310654640198,2026-09-24T19:40:15
trackA,MaxEnt_v2,all,MX_HIST,v2_57,y_all,v2 random 65/15/20 stratified rs42,,,832154,53682,0.06450969411911738,0.967017946040157,0.6625503491169731,"[0.9666025813957101, 0.9674005203007248]","[0.660233736452403, 0.6666484180304835]",0.0357165094556185,0.01533836597348709,0.12532003115511184,0.4038166141594991,0.5654930444417088,0.6845497559703438,0.9637289459351139,0.6193517941112029,150000.0,1680.9342260360718,2026-09-24T20:10:08
trackA,MaxEnt_v2,forest,MX_HIST,v2_57,y_all,v2 random 65/15/20 stratified rs42,,,238859,53481,0.22390196726939324,0.8657422142808162,0.6642872168342202,"[0.8639243064528571, 0.8671954376320462]","[0.660533374391787, 0.668814023686856]",0.12359316610370555,0.053753044690728016,0.43096100501552465,0.4038166141594991,0.5656551660431389,0.6869916418915128,0.8478136564209345,0.6204468311464614,150000.0,1680.9342260360718,2026-09-24T20:10:08
trackA,MaxEnt_biswas15_LQHP,all,MX_BISWAS,biswas15,y_all,v2 random 65/15/20 stratified rs42,,,832154,53682,0.06450969411911738,0.9450862820991363,0.5628989688196737,"[0.9443370710182591, 0.9459445799318726]","[0.5593367206723515, 0.5666928858309487]",0.04966845628537758,0.04878997880600923,0.17351868654282365,0.5197286736091427,0.4864150529977267,0.6616556760180321,0.9518248568991563,0.5606610683167066,150000.0,1315.0233807563782,2026-09-24T21:27:43
trackA,MaxEnt_biswas15_LQHP,forest,MX_BISWAS,biswas15,y_all,v2 random 65/15/20 stratified rs42,,,238859,53481,0.22390196726939324,0.8177907858472835,0.5767986518639848,"[0.8159552676576113, 0.8195245731379133]","[0.5734713882295736, 0.58110160505026]",0.16545175601063558,0.132820131673838,0.5482124992556298,0.5196726333997576,0.4933741648106904,0.6627400385183523,0.8036660229369181,0.5656514071863454,150000.0,1315.0233807563782,2026-09-24T21:27:43
trackA,MaxEnt_v1_corrlabel,all,MX_HIST,v1_57,y_all,v2 random 65/15/20 stratified rs42,,,832154,53682,0.06450969411911738,0.9673708778498573,0.6609482887756707,"[0.9669821850392919, 0.9677864032531134]","[0.657441627672112, 0.664638154743922]",0.03580453117859785,0.015850820704789492,0.12444237687528674,0.3979196557125134,0.5593296558340328,0.6950933273723036,0.9622362782476441,0.6198647773144841,150000.0,1875.6835062503815,2026-09-24T22:05:28
trackA,MaxEnt_v1_corrlabel,forest,MX_HIST,v1_57,y_all,v2 random 65/15/20 stratified rs42,,,238859,53481,0.22390196726939324,0.8657837422877185,0.6621170077057018,"[0.8641343544991626, 0.8675198027532531]","[0.6580394994428095, 0.6655236440543009]",0.12405892443271,0.05593089089878517,0.4292924278211693,0.3979196557125134,0.5591826937501875,0.6969577980965203,0.8414914391135949,0.6205145706223625,150000.0,1875.6835062503815,2026-09-24T22:05:28
trackA,RF_v2_lst005,all,RF,v2_57_lst005,y_all,v2 random 65/15/20 stratified rs42,,,832154,53682,0.06450969411911738,0.9750441017471871,0.7210777034340355,"[0.9747224495104695, 0.9753047277899327]","[0.7178045369686445, 0.7241834934231299]",0.05118202151222464,0.06420914727336922,0.15495396559776498,0.7694665052401742,0.5909740240809306,0.7552252151559182,0.9639550298533538,0.6630793889633967,2704498.0,143.99174857139587,2026-09-24T22:08:31
trackA,RF_v2_lst005,forest,RF,v2_57_lst005,y_all,v2 random 65/15/20 stratified rs42,,,238859,53481,0.22390196726939324,0.8972891665003189,0.722286013268027,"[0.8958150169137012, 0.8985591189345727]","[0.7193242574806676, 0.7248580319968091]",0.17750812397232277,0.22006359718979748,0.5335229925167935,0.7694665052401742,0.5908176063938395,0.7574652680391167,0.8486551802263483,0.6638426180078167,2704498.0,143.99174857139587,2026-09-24T22:08:31
trackA,RF_v2_slopezt,all,RF,v2_57_slopezt,y_all,v2 random 65/15/20 stratified rs42,,,832154,53682,0.06450969411911738,0.974977601402717,0.7207281816208368,"[0.9746475639397675, 0.9752732488627222]","[0.7171189595469339, 0.7239939957707586]",0.051216555436447285,0.06408021410721683,0.15502709354116287,0.7964994693006388,0.6115434602195324,0.7275250549532432,0.9681324440699216,0.6645114636947551,2704498.0,146.2971169948578,2026-09-24T22:11:36
trackA,RF_v2_slopezt,forest,RF,v2_57_slopezt,y_all,v2 random 65/15/20 stratified rs42,,,238859,53481,0.22390196726939324,0.8971050288644659,0.7219572058641195,"[0.8956628509723716, 0.8982594932381064]","[0.7189075619224473, 0.7249073242241236]",0.17763045674127106,0.2196479541602852,0.533776178795393,0.7964994693006388,0.6114200673611655,0.7297918887081394,0.8661923205558373,0.6653823860343004,2704498.0,146.2971169948578,2026-09-24T22:11:36
trackA,RF_v2_slope025,all,RF,v2_57_slope025,y_all,v2 random 65/15/20 stratified rs42,,,832154,53682,0.06450969411911738,0.9750530263126306,0.720924570368143,"[0.9747290004618453, 0.9753378431788127]","[0.7173160035914602, 0.7239212113054908]",0.051034614012554436,0.0638630654488691,0.15474014622606094,0.7913440862378992,0.6083272890013735,0.7343057263142208,0.9673976713356421,0.6654062676716097,2704498.0,142.14075541496277,2026-09-24T22:14:37
trackA,RF_v2_slope025,forest,RF,v2_57_slope025,y_all,v2 random 65/15/20 stratified rs42,,,238859,53481,0.22390196726939324,0.8975567811117945,0.7221508739494645,"[0.8961912346422879, 0.8987414714618401]","[0.7191478882625285, 0.7247469367874391]",0.17699038164811065,0.2188459301378494,0.5326750624938367,0.7913440862378992,0.6082076301934567,0.7365793459359399,0.863112127652688,0.6662663847780127,2704498.0,142.14075541496277,2026-09-24T22:14:37
bridge12_A,RF_cdr7,all,RF,cdr7,fire_ever_frac>0,,,,4508,1896,0.42058562555456963,0.9799910224475159,0.9723920660422001,"[0.9760821247156907, 0.9833819592185692]","[0.9671565882732855, 0.9771763314373525]",0.054860956497145015,0.013032892784976848,0.18336329952817654,0.4286341991341991,0.8859429714857429,0.9340717299578059,0.9127105666156202,0.9093709884467266,,,2026-09-24T22:14:52
bridge12_A,RF_cdr7,forest,RF,cdr7,fire_ever_frac>0,,,,2905,1895,0.6523235800344234,0.9501523028292274,0.9728435294339917,"[0.943305937981661, 0.9559747772930327]","[0.968053322126398, 0.9764116125713329]",0.08443433897660117,0.014324367884586364,0.276136896311304,0.4286341991341991,0.8859429714857429,0.9345646437994723,0.7742574257425743,0.9096045197740112,,,2026-09-24T22:14:52
bridge12_A,LogReg_cdr7,all,LogReg,cdr7,fire_ever_frac>0,,,,4508,1896,0.42058562555456963,0.9237086741814798,0.8781081929483622,"[0.9160456688054484, 0.9317959400906882]","[0.8601071888147459, 0.8946974512359391]",0.1084136179151658,0.0800853713515167,0.3936148790251675,0.40969642996788025,0.8461538461538461,0.8354430379746836,0.889739663093415,0.840764331210191,,,2026-09-24T22:14:52
bridge12_A,LogReg_cdr7,forest,LogReg,cdr7,fire_ever_frac>0,,,,2905,1895,0.6523235800344234,0.8739515138848977,0.8977887103201172,"[0.8605221857937773, 0.8875857454478958]","[0.8819394646749181, 0.9146575109017762]",0.1394455543193877,0.08828889713682744,0.4835228794672612,0.3497157394886017,0.8518708354689902,0.8770448548812665,0.7138613861386138,0.8642745709828393,,,2026-09-24T22:14:52
bridge12_A,MaxEnt_cdr7,all,MaxEnt,cdr7,fire_ever_frac>0,,,,4508,1896,0.42058562555456963,0.9584520647966864,0.9515641540796785,"[0.9529869696257455, 0.9645675251880318]","[0.9461224453428486, 0.9583667572805927]",0.10307650651922531,0.1026314731478751,0.4050240687684304,0.060257246886081695,0.8935037273695421,0.8850210970464135,0.9234303215926493,0.8892421833598305,,,2026-09-24T22:14:52
bridge12_A,MaxEnt_cdr7,forest,MaxEnt,cdr7,fire_ever_frac>0,,,,2905,1895,0.6523235800344234,0.9269761488022153,0.9602644869867993,"[0.9184617087698215, 0.9350629522714805]","[0.9544406286934349, 0.9657435310888248]",0.15954867339860626,0.1621080242884187,0.6231508685903304,0.060257246886081695,0.8978063135366506,0.8854881266490765,0.810891089108911,0.8916046758767269,,,2026-09-24T22:14:52
bridge12_A,RF_v2agg,all,RF,v2agg,fire_ever_frac>0,,,,4508,1896,0.42058562555456963,0.9808430418516294,0.9754460405771505,"[0.9772994124811806, 0.9834399089563909]","[0.9707432107335097, 0.9788581731827101]",0.05202351502976027,0.018134626393047495,0.18584487430156346,0.5395416666666667,0.9213903743315508,0.9087552742616034,0.9437212863705973,0.9150292087095061,,,2026-09-24T22:15:26
bridge12_A,RF_v2agg,forest,RF,v2agg,fire_ever_frac>0,,,,2905,1895,0.6523235800344234,0.9549026881579978,0.9763525238966365,"[0.9485542856396458, 0.9597298518770083]","[0.9722769493789495, 0.9791285009188481]",0.07974442305096453,0.020720684370039662,0.27633909259333805,0.5395416666666667,0.9213903743315508,0.9092348284960422,0.8544554455445544,0.9152722443559097,,,2026-09-24T22:15:26
bridge12_A,LogReg_v2agg,all,LogReg,v2agg,fire_ever_frac>0,,,,4508,1896,0.42058562555456963,0.9560808682419988,0.9470943992458929,"[0.9493139068063013, 0.9619912896942704]","[0.9399311822334067, 0.9539788473497107]",0.07575836762130907,0.03072174401271268,0.27092237955012227,0.39007651805877686,0.8700102354145343,0.8966244725738397,0.9027565084226646,0.8831168831168831,,,2026-09-24T22:15:26
bridge12_A,LogReg_v2agg,forest,LogReg,v2agg,fire_ever_frac>0,,,,2905,1895,0.6523235800344234,0.9190140808276077,0.9552050151257827,"[0.9087014224509522, 0.9291281185506413]","[0.9489077089681913, 0.9605603241389633]",0.10836588180102467,0.036847811205544256,0.3633840828381432,0.39007651805877686,0.8785529715762274,0.8970976253298153,0.7673267326732673,0.8877284595300261,,,2026-09-24T22:15:26
bridge12_A,MaxEnt_v2agg,all,MaxEnt,v2agg,fire_ever_frac>0,,,,4508,1896,0.42058562555456963,0.9661544655953374,0.9539171468103395,"[0.9619769656922609, 0.971645487840929]","[0.9523157557745667, 0.9650497533549028]",0.06811200345924175,0.04909170385370027,0.3518449809842279,0.2448595621414772,0.8953732912723449,0.8982067510548524,0.9238131699846861,0.8967877830437073,,,2026-09-24T22:15:27
bridge12_A,MaxEnt_v2agg,forest,MaxEnt,v2agg,fire_ever_frac>0,,,,2905,1895,0.6523235800344234,0.9385297421562738,0.9608445389344437,"[0.934094875780454, 0.9493371496120588]","[0.9601678029836295, 0.9712445277039804]",0.10369639442077991,0.08388701533372454,0.5318904133272129,0.19766554612237286,0.8947916666666667,0.9065963060686015,0.8,0.9006553079947576,,,2026-09-24T22:15:27
bridge12_B1,RF_cdr7_f0,all,RF,cdr7,fire_ever_frac>0,,,,7196,2901,0.4031406336853808,0.9820033957220002,0.9720482711441827,"[0.9791494322338369, 0.9842635593121717]","[0.9670427050776753, 0.9765490046808872]",0.05038995792108385,0.020813374200944,0.17388399409503777,0.38535912698412716,0.8802433557476785,0.947604274388142,0.9129220023282887,0.9126826029216467,,,2026-09-24T22:15:38
bridge12_B1,RF_cdr7_f0,forest,RF,cdr7,fire_ever_frac>0,,,,4310,2894,0.671461716937355,0.9495226096072529,0.9732534861018594,"[0.9442217716666862, 0.9552424269821841]","[0.9702924835236117, 0.9765369540004178]",0.08149222378293831,0.022391915064610253,0.27004077099706264,0.38535912698412716,0.881372234690606,0.9498963372494816,0.7387005649717514,0.9143522368202228,,,2026-09-24T22:15:38
bridge12_B1,LogReg_cdr7_f0,all,LogReg,cdr7,fire_ever_frac>0,,,,7196,2901,0.4031406336853808,0.9171530510734727,0.8889436869505153,"[0.9096730142831403, 0.9234701092594221]","[0.8774596294431789, 0.8977724484273324]",0.11334629390356671,0.09493092399451444,0.38531782284259697,0.41209664940834045,0.8160489629377763,0.827300930713547,0.8740395809080326,0.8216364258815474,,,2026-09-24T22:15:39
bridge12_B1,LogReg_cdr7_f0,forest,LogReg,cdr7,fire_ever_frac>0,,,,4310,2894,0.671461716937355,0.8826748991679648,0.922833453927824,"[0.8722960262124246, 0.8912226103881399]","[0.9123818104052099, 0.931235580625564]",0.1392386166341641,0.09695429982566901,0.4474655894408903,0.27167975902557373,0.8082639714625446,0.9395300621976503,0.5444915254237288,0.8689677213167146,,,2026-09-24T22:15:39
bridge12_B1,MaxEnt_cdr7_f0,all,MaxEnt,cdr7,fire_ever_frac>0,,,,7196,2901,0.4031406336853808,0.9596983738496501,0.9487315999636167,"[0.9539640499703246, 0.9652445054272563]","[0.941911055426495, 0.9548156716486924]",0.09726676247877454,0.10078478130036592,0.3900031107415447,0.0780687754809517,0.9108554996405464,0.8734918993450534,0.9422584400465658,0.8917825092380786,,,2026-09-24T22:15:39
bridge12_B1,MaxEnt_cdr7_f0,forest,MaxEnt,cdr7,fire_ever_frac>0,,,,4310,2894,0.671461716937355,0.9297599455721755,0.9618231672707374,"[0.9235706747888677, 0.9362729397760416]","[0.9574832083322561, 0.9668588353917905]",0.1598291145724991,0.17155174884536897,0.6295801985565147,0.041463299072868165,0.8888513513513514,0.9091223220456116,0.7676553672316384,0.8988725657669969,,,2026-09-24T22:15:39
bridge12_B1,RF_v2agg_f0,all,RF,v2agg,fire_ever_frac>0,,,,7196,2901,0.4031406336853808,0.983678222635284,0.9785001655182218,"[0.9811101868048391, 0.9863127964785938]","[0.9753445370693563, 0.9818183343645508]",0.048773483323948735,0.03807975874531453,0.17402202659409102,0.4433571428571427,0.8968018463567425,0.9376077214753533,0.9271245634458672,0.9167509268621502,,,2026-09-24T22:16:05
bridge12_B1,RF_v2agg_f0,forest,RF,v2agg,fire_ever_frac>0,,,,4310,2894,0.671461716937355,0.9582551226187828,0.9802611919885369,"[0.9538838544045932, 0.9628713331254222]","[0.9782131105278917, 0.9825113523607517]",0.07790048518349482,0.037289982091124274,0.25736435382426653,0.4433571428571427,0.8968018463567425,0.939875604699378,0.778954802259887,0.9178336426522693,,,2026-09-24T22:16:05
bridge12_B1,LogReg_v2agg_f0,all,LogReg,v2agg,fire_ever_frac>0,,,,7196,2901,0.4031406336853808,0.9557463425361332,0.9455704224485227,"[0.9504774647175174, 0.9603392832707118]","[0.9393671729240047, 0.9501530167966235]",0.07827744906117262,0.04624998175784377,0.27388123279156995,0.5225065350532532,0.8984034833091437,0.853498793519476,0.9348079161816065,0.8753756407990101,,,2026-09-24T22:16:06
bridge12_B1,LogReg_v2agg_f0,forest,LogReg,v2agg,fire_ever_frac>0,,,,4310,2894,0.671461716937355,0.9193157038329838,0.9592609235909131,"[0.9099169355846305, 0.924776705969686]","[0.9536078183008326, 0.9629037788344313]",0.10758605957528852,0.03256397865401385,0.34852359018642975,0.5225065350532532,0.9119705340699816,0.8555632342778162,0.8312146892655368,0.8828668211802462,,,2026-09-24T22:16:06
bridge12_B1,MaxEnt_v2agg_f0,all,MaxEnt,v2agg,fire_ever_frac>0,,,,7196,2901,0.4031406336853808,0.9635146083864141,0.9493192883011935,"[0.9606204887399833, 0.9683386975869185]","[0.9463384920612783, 0.95833318868265]",0.06441479180320327,0.039916873772277074,0.34497658063219877,0.48515078108116705,0.9281788200806156,0.8731471906239228,0.9543655413271246,0.8998223801065719,,,2026-09-24T22:16:06
bridge12_B1,MaxEnt_v2agg_f0,forest,MaxEnt,v2agg,fire_ever_frac>0,,,,4310,2894,0.671461716937355,0.9345876574951488,0.9602704208776671,"[0.9313633963850788, 0.9440250460967363]","[0.9597087233138255, 0.9688633722304594]",0.10104883972007445,0.08201699327876427,0.5446741423679615,0.4496358726142884,0.9351410773176988,0.8818244644091223,0.875,0.9077005157389294,,,2026-09-24T22:16:06
bridge12_B1,RF_cdr7_f1,all,RF,cdr7,fire_ever_frac>0,,,,7857,2597,0.3305332824233168,0.9659388721411514,0.9299509420602795,"[0.9627028883868636, 0.9686348984496589]","[0.9220048138323415, 0.9353873477320642]",0.07118813738653226,0.04044902163708996,0.23514241251042686,0.5234642857142857,0.8214285714285714,0.9033500192529842,0.903041825095057,0.8604437924078489,,,2026-09-24T22:16:16
bridge12_B1,RF_cdr7_f1,forest,RF,cdr7,fire_ever_frac>0,,,,4921,2592,0.5267222109327373,0.9266434456318348,0.9311987689905283,"[0.92047377835292, 0.9324994102804679]","[0.9244146310286694, 0.9374623936155153]",0.11220965695324486,0.0580030534665963,0.3625317319539127,0.5234642857142857,0.8214285714285714,0.9050925925925926,0.781021897810219,0.8612334801762114,,,2026-09-24T22:16:16
bridge12_B1,LogReg_cdr7_f1,all,LogReg,cdr7,fire_ever_frac>0,,,,7857,2597,0.3305332824233168,0.9250416903973727,0.86034574342932,"[0.9197075495489824, 0.9291265962407633]","[0.8483962252830936, 0.8711378576311516]",0.09718994122940126,0.05487976955645414,0.385469934008829,0.2847934365272522,0.687909469922573,0.889487870619946,0.8007604562737642,0.7758186397984886,,,2026-09-24T22:16:16
bridge12_B1,LogReg_cdr7_f1,forest,LogReg,cdr7,fire_ever_frac>0,,,,4921,2592,0.5267222109327373,0.8866799254170444,0.8799418919811449,"[0.8789100102902745, 0.8936997496011111]","[0.8700347243828117, 0.8909875221436888]",0.1363859598726709,0.06012209468006965,0.5242484754319539,0.19868703186511993,0.707310026004045,0.9444444444444444,0.5650493774151997,0.8088551131670246,,,2026-09-24T22:16:16
bridge12_B1,MaxEnt_cdr7_f1,all,MaxEnt,cdr7,fire_ever_frac>0,,,,7857,2597,0.3305332824233168,0.9443936847283572,0.9026595899658615,"[0.9398054140050454, 0.9487914488200044]","[0.8964390053999234, 0.9127401904817624]",0.1032365955668603,0.10077796977092467,0.4692298157168282,0.03279678584008916,0.7851071064263856,0.889102810935695,0.8798479087452471,0.8338750451426508,,,2026-09-24T22:16:17
bridge12_B1,MaxEnt_cdr7_f1,forest,MaxEnt,cdr7,fire_ever_frac>0,,,,4921,2592,0.5267222109327373,0.9119897435183859,0.9149605703486274,"[0.9052174503807334, 0.9198453564059442]","[0.908803526249018, 0.9248347973529861]",0.1637523299618783,0.16319611182338656,0.7407014103192423,0.03279678584008916,0.8118846694796061,0.8908179012345679,0.7702876771146415,0.8495217071376012,,,2026-09-24T22:16:17
bridge12_B1,RF_v2agg_f1,all,RF,v2agg,fire_ever_frac>0,,,,7857,2597,0.3305332824233168,0.9698541458336689,0.9404503798426773,"[0.966971668465076, 0.9727017235081133]","[0.9337643831973323, 0.9472325664546177]",0.06565593772347454,0.032543142020662254,0.22073599934054514,0.5333015873015874,0.8624237804878049,0.8713900654601463,0.9313688212927757,0.8668837387473664,,,2026-09-24T22:16:39
bridge12_B1,RF_v2agg_f1,forest,RF,v2agg,fire_ever_frac>0,,,,4921,2592,0.5267222109327373,0.9353716260091492,0.9416292943115206,"[0.9290607697695191, 0.9408290537254373]","[0.9359123318970692, 0.9476658495211578]",0.10313275658341543,0.037711189917450094,0.3338015018219574,0.5333015873015874,0.8624237804878049,0.873070987654321,0.8449978531558608,0.8677147239263804,,,2026-09-24T22:16:39
bridge12_B1,LogReg_v2agg_f1,all,LogReg,v2agg,fire_ever_frac>0,,,,7857,2597,0.3305332824233168,0.9419859636228406,0.8963410431142079,"[0.9367330522495245, 0.9458206987149549]","[0.8866150697669841, 0.9049092719423011]",0.08430676217477175,0.030489546699688896,0.32883058375599356,0.3871753513813019,0.8304248861911988,0.842895648825568,0.915019011406844,0.8366137970571375,,,2026-09-24T22:16:40
bridge12_B1,LogReg_v2agg_f1,forest,LogReg,v2agg,fire_ever_frac>0,,,,4921,2592,0.5267222109327373,0.9052738153926074,0.908959616902393,"[0.8983949109854811, 0.9123192782959358]","[0.9013017808017088, 0.9170348785551736]",0.1260626566199967,0.0650366567079587,0.47585193686933475,0.3871753513813019,0.837734404898584,0.8445216049382716,0.8179476170030056,0.8411143131604226,,,2026-09-24T22:16:40
bridge12_B1,MaxEnt_v2agg_f1,all,MaxEnt,v2agg,fire_ever_frac>0,,,,7857,2597,0.3305332824233168,0.9447749377389236,0.8798958450697699,"[0.9426709855331759, 0.9509116040956881]","[0.8804866505535796, 0.8992221365758104]",0.08958665801334656,0.07203614057448302,0.6105843173860559,0.541082938544198,0.8563334682314853,0.8147862918752407,0.9325095057034221,0.835043409629045,,,2026-09-24T22:16:40
bridge12_B1,MaxEnt_v2agg_f1,forest,MaxEnt,v2agg,fire_ever_frac>0,,,,4921,2592,0.5267222109327373,0.9047376013124904,0.8916719660878801,"[0.9003364465886382, 0.9151753222916634]","[0.8905583108965618, 0.9119441096192735]",0.1387927871712763,0.11860119223853446,0.9434384765652892,0.13531518831722822,0.8027187173231091,0.8885030864197531,0.7569772434521254,0.8434352682658853,,,2026-09-24T22:16:40
bridge12_B1,RF_cdr7_f2,all,RF,cdr7,fire_ever_frac>0,,,,7489,3663,0.48911737214581386,0.9727766782131655,0.9707121808985963,"[0.9701273286545111, 0.9758030416126339]","[0.9671137553715611, 0.9742915983692332]",0.06433960207178828,0.014050141251578427,0.21261944014584724,0.5334662698412698,0.9049564270152506,0.9071799071799072,0.9087820177731312,0.9060668029993183,,,2026-09-24T22:16:47
bridge12_B1,RF_cdr7_f2,forest,RF,cdr7,fire_ever_frac>0,,,,5110,3658,0.7158512720156556,0.932517147969581,0.9716707471809889,"[0.9257770762071733, 0.9400322578762424]","[0.9682664695059114, 0.974890194608013]",0.09236912994132837,0.013961768925632643,0.2956559521871127,0.5334662698412698,0.9049564270152506,0.9084199015855658,0.759641873278237,0.9066848567530695,,,2026-09-24T22:16:47
bridge12_B1,LogReg_cdr7_f2,all,LogReg,cdr7,fire_ever_frac>0,,,,7489,3663,0.48911737214581386,0.9138169676591005,0.8769163252188081,"[0.9064410609464191, 0.9199703740118012]","[0.8650191378634918, 0.887111311726333]",0.11333897478095849,0.08584365052411719,0.44416675338781214,0.41234108805656433,0.8760191172336238,0.8506688506688507,0.8847360167276529,0.8631578947368421,,,2026-09-24T22:16:47
bridge12_B1,LogReg_cdr7_f2,forest,LogReg,cdr7,fire_ever_frac>0,,,,5110,3658,0.7158512720156556,0.8372400128327361,0.8904705899700678,"[0.8255272228723941, 0.8534448793880953]","[0.8811431721192051, 0.904442730475644]",0.1433368566650614,0.10627493552677701,0.545533239764559,0.3257112503051758,0.8525558695093758,0.9073264078731548,0.6046831955922864,0.8790888624023309,,,2026-09-24T22:16:47
bridge12_B1,MaxEnt_cdr7_f2,all,MaxEnt,cdr7,fire_ever_frac>0,,,,7489,3663,0.48911737214581386,0.9461910824953166,0.947800412210062,"[0.9412664708143015, 0.9515666512399392]","[0.9423206404833968, 0.9543630278327957]",0.14554919299090255,0.1582524818195881,0.60840518447296,0.025239746840658994,0.8958275766786405,0.885066885066885,0.9014636696288552,0.8904147212304312,,,2026-09-24T22:16:47
bridge12_B1,MaxEnt_cdr7_f2,forest,MaxEnt,cdr7,fire_ever_frac>0,,,,5110,3658,0.7158512720156556,0.908658915061445,0.9586354458678116,"[0.9009350543244966, 0.9175489808179212]","[0.9545665798515152, 0.9645199512779558]",0.2122173562857457,0.23318432649485762,0.8839973599803099,0.025239746840658994,0.909652076318743,0.88627665390924,0.778236914600551,0.8978122403766271,,,2026-09-24T22:16:47
bridge12_B1,RF_v2agg_f2,all,RF,v2agg,fire_ever_frac>0,,,,7489,3663,0.48911737214581386,0.9740054291805467,0.9728734186751339,"[0.971636946669618, 0.9767261193260932]","[0.9699621690664549, 0.9760475854936335]",0.0627702608082744,0.0318708495176741,0.21452615038308667,0.46651388888888873,0.8884286823712141,0.9369369369369369,0.8873497124934657,0.9120382673398884,,,2026-09-24T22:17:09
bridge12_B1,RF_v2agg_f2,forest,RF,v2agg,fire_ever_frac>0,,,,5110,3658,0.7158512720156556,0.9375702260941339,0.9741158321236081,"[0.9314469978438894, 0.9443877442474851]","[0.9706997384478941, 0.9770897302442345]",0.08962790401302655,0.031968909514490274,0.29146633155417134,0.46651388888888873,0.8884286823712141,0.9382176052487698,0.703168044077135,0.9126445951336258,,,2026-09-24T22:17:09
bridge12_B1,LogReg_v2agg_f2,all,LogReg,v2agg,fire_ever_frac>0,,,,7489,3663,0.48911737214581386,0.9491000052944643,0.9523913036166144,"[0.9444669708914349, 0.9541131199749862]","[0.948494754340111, 0.9572350723733575]",0.08536600611265928,0.031474258431531725,0.3104133184714363,0.3947884440422058,0.8425809691187547,0.9161889161889162,0.8361212754835338,0.8778446246403349,,,2026-09-24T22:17:10
bridge12_B1,LogReg_v2agg_f2,forest,LogReg,v2agg,fire_ever_frac>0,,,,5110,3658,0.7158512720156556,0.909514336666531,0.96183339274417,"[0.9008928598324817, 0.9185928950020107]","[0.9578247449725932, 0.966604912397811]",0.10892177626993553,0.034093954942310316,0.3821793536087212,0.2995385527610779,0.8453228578443408,0.9412247129579004,0.5661157024793388,0.8906997801060665,,,2026-09-24T22:17:10
bridge12_B1,MaxEnt_v2agg_f2,all,MaxEnt,v2agg,fire_ever_frac>0,,,,7489,3663,0.48911737214581386,0.9433437024916376,0.9361436654338317,"[0.9408916912445402, 0.9499689672683662]","[0.9371450079088963, 0.9474874674124318]",0.0912737845405534,0.06731728403634063,0.5588383106471371,0.3243500888731632,0.8731681321609379,0.8946218946218947,0.8755880815473079,0.883764832793959,,,2026-09-24T22:17:11
bridge12_B1,MaxEnt_v2agg_f2,forest,MaxEnt,v2agg,fire_ever_frac>0,,,,5110,3658,0.7158512720156556,0.907195651780994,0.9515538870437876,"[0.9049458727201936, 0.9196982829061027]","[0.9522413624108431, 0.9606661734316698]",0.11822043115397556,0.0969980578929921,0.7173461286987525,0.12234500202960974,0.8646310432569975,0.928922908693275,0.6336088154269972,0.8956246705324196,,,2026-09-24T22:17:11
bridge12_B2,RF_cdr7_r0,all,RF,cdr7,fire_ever_frac>0,,,,4471,826,0.1847461418027287,0.9493583036897537,0.8012832061559333,"[0.9415684027673984, 0.9546541540868283]","[0.7725314475454195, 0.8242138443197278]",0.08268833984869961,0.08494742257845728,0.27027879309263075,0.3918829365079365,0.6072874493927125,0.9079903147699758,0.8669410150891632,0.727802037845706,,,2026-09-24T22:17:22
bridge12_B2,RF_cdr7_r0,forest,RF,cdr7,fire_ever_frac>0,,,,2246,824,0.3668744434550312,0.8755530293720044,0.8029043058195018,"[0.8594990902325453, 0.8919943877760026]","[0.7761285324015004, 0.8292778838081162]",0.16304303316746827,0.15238362818543766,0.5161697161097145,0.38985728160728167,0.6066235864297254,0.9114077669902912,0.6575246132208158,0.7284190106692532,,,2026-09-24T22:17:22
bridge12_B2,LogReg_cdr7_r0,all,LogReg,cdr7,fire_ever_frac>0,,,,4471,826,0.1847461418027287,0.8500466658031003,0.6840775859592825,"[0.8307948465010612, 0.8638188818807149]","[0.6483042340699492, 0.7131814777595453]",0.1179950130093071,0.14397477749491402,0.39867370167305183,0.4190044403076172,0.6013143483023001,0.6646489104116223,0.9001371742112483,0.6313973548016102,,,2026-09-24T22:17:23
bridge12_B2,LogReg_cdr7_r0,forest,LogReg,cdr7,fire_ever_frac>0,,,,2246,824,0.3668744434550312,0.7977807136127156,0.7376216298245742,"[0.7766535620894952, 0.8167693568814606]","[0.7101604563190098, 0.7604023948914674]",0.1692000830014034,0.06209647747105815,0.5179465021568445,0.37932640314102173,0.6190975865687304,0.7160194174757282,0.7447257383966245,0.6640405177265054,,,2026-09-24T22:17:23
bridge12_B2,MaxEnt_cdr7_r0,all,MaxEnt,cdr7,fire_ever_frac>0,,,,4471,826,0.1847461418027287,0.938675488330228,0.7922730145775982,"[0.9290710889573099, 0.9467844230877815]","[0.77192963030138, 0.8263563122093589]",0.08218001290068387,0.07273751032598197,0.41947426190778564,0.03910504635016121,0.6939834024896265,0.8099273607748184,0.9190672153635117,0.7474860335195531,,,2026-09-24T22:17:23
bridge12_B2,MaxEnt_cdr7_r0,forest,MaxEnt,cdr7,fire_ever_frac>0,,,,2246,824,0.3668744434550312,0.8771677385877952,0.8019105673163108,"[0.861396256213046, 0.8917612918697854]","[0.7881697103275103, 0.8314071922262032]",0.16272566636687294,0.14571579499584808,0.8293514260407606,0.03910504635016121,0.6939834024896265,0.8118932038834952,0.7925457102672293,0.7483221476510068,,,2026-09-24T22:17:23
bridge12_B2,RF_v2agg_r0,all,RF,v2agg,fire_ever_frac>0,,,,4471,826,0.1847461418027287,0.9527891536052239,0.8243359593189645,"[0.9452733769102257, 0.9596166263115417]","[0.8007406252633109, 0.8463358508115347]",0.07251957018258326,0.06915817784066206,0.24692825809092211,0.5223849206349207,0.6906693711967545,0.8244552058111381,0.9163237311385459,0.7516556291390728,,,2026-09-24T22:17:55
bridge12_B2,RF_v2agg_r0,forest,RF,v2agg,fire_ever_frac>0,,,,2246,824,0.3668744434550312,0.8858941665642537,0.8260561667562675,"[0.870909289527945, 0.9009537409706007]","[0.8033567717536494, 0.8519989119386794]",0.1404903197252537,0.088267882907274,0.43798146695223256,0.5223849206349207,0.6906693711967545,0.8264563106796117,0.7855133614627285,0.752486187845304,,,2026-09-24T22:17:55
bridge12_B2,LogReg_v2agg_r0,all,LogReg,v2agg,fire_ever_frac>0,,,,4471,826,0.1847461418027287,0.8923682313826695,0.7061385683087578,"[0.877103423708885, 0.9028722303596755]","[0.6728801224070329, 0.7343305161306053]",0.09988437646331312,0.07415414954052972,0.4031276706423621,0.37791070342063904,0.6081871345029239,0.7554479418886199,0.8897119341563786,0.6738660907127431,,,2026-09-24T22:17:55
bridge12_B2,LogReg_v2agg_r0,forest,LogReg,v2agg,fire_ever_frac>0,,,,2246,824,0.3668744434550312,0.833838143323365,0.7523634030483156,"[0.8117754077738178, 0.8502778588546147]","[0.7229145418028069, 0.7806226244581029]",0.1648043666359173,0.07925684711160558,0.6544337677074408,0.36811909079551697,0.6684266103484688,0.7682038834951457,0.7791842475386779,0.7148503670242801,,,2026-09-24T22:17:55
bridge12_B2,MaxEnt_v2agg_r0,all,MaxEnt,v2agg,fire_ever_frac>0,,,,4471,826,0.1847461418027287,0.8919427588291367,0.6378187204171175,"[0.8775396410220642, 0.905856101595273]","[0.6176848961665061, 0.6794522790930546]",0.12953405662318018,0.11777870461605061,1.1738973060024465,0.42644606138175656,0.5595041322314049,0.8196125907990315,0.8537722908093278,0.6650294695481336,,,2026-09-24T22:17:55
bridge12_B2,MaxEnt_v2agg_r0,forest,MaxEnt,v2agg,fire_ever_frac>0,,,,2246,824,0.3668744434550312,0.812200869143692,0.676556911085001,"[0.7968001532778939, 0.8327898838296943]","[0.656998113385612, 0.7117559165608806]",0.22321057851985723,0.19784753375811837,2.058727538241165,0.1344550500982452,0.5323636363636364,0.8883495145631068,0.5478199718706048,0.6657571623465212,,,2026-09-24T22:17:55
bridge12_B2,RF_cdr7_r1,all,RF,cdr7,fire_ever_frac>0,,,,4999,2510,0.5021004200840168,0.985239035821359,0.9860566962086802,"[0.9821580371963332, 0.9875655773851161]","[0.9834090330559225, 0.9879968838911426]",0.048156202612143935,0.028849353044370363,0.16691489765543802,0.5761881313131314,0.959864807773553,0.9051792828685259,0.9618320610687023,0.9317203198687718,,,2026-09-24T22:18:06
bridge12_B2,RF_cdr7_r1,forest,RF,cdr7,fire_ever_frac>0,,,,3287,2507,0.7627015515667782,0.9571576508852139,0.9868295224765469,"[0.9520383886655825, 0.9618587186646621]","[0.9850315982682171, 0.9882912714177954]",0.07179087427899289,0.038670807347041834,0.24105965306775248,0.5761881313131314,0.959864807773553,0.9062624650977263,0.8782051282051282,0.9322938038572014,,,2026-09-24T22:18:06
bridge12_B2,LogReg_cdr7_r1,all,LogReg,cdr7,fire_ever_frac>0,,,,4999,2510,0.5021004200840168,0.9354962632395287,0.9511405396356856,"[0.9283618919260684, 0.9423530866489847]","[0.9453170890452943, 0.9559313889588169]",0.12217511293597214,0.14213258598949857,0.39422416483254813,0.42017677426338196,0.893491124260355,0.8422310756972111,0.898754519887505,0.867104183757178,,,2026-09-24T22:18:07
bridge12_B2,LogReg_cdr7_r1,forest,LogReg,cdr7,fire_ever_frac>0,,,,3287,2507,0.7627015515667782,0.9274477616519898,0.9780986968882701,"[0.9197185444856965, 0.9344683092469291]","[0.9757015872653892, 0.9802263450771157]",0.1328636614640335,0.14718681529384184,0.4050387083091459,0.4162760376930237,0.9517641804376954,0.8500199441563622,0.8615384615384616,0.8980193847450484,,,2026-09-24T22:18:07
bridge12_B2,MaxEnt_cdr7_r1,all,MaxEnt,cdr7,fire_ever_frac>0,,,,4999,2510,0.5021004200840168,0.9635585420471589,0.971377603953154,"[0.9585865537448439, 0.969652714973773]","[0.9686486377605658, 0.9763794099110882]",0.10101275009966065,0.10766068157755922,0.3736799203676637,0.08689688488920555,0.9520753102267865,0.8864541832669323,0.9550020088388911,0.9180936661852693,,,2026-09-24T22:18:07
bridge12_B2,MaxEnt_cdr7_r1,forest,MaxEnt,cdr7,fire_ever_frac>0,,,,3287,2507,0.7627015515667782,0.9367821382181175,0.9800657763670295,"[0.9284092873288126, 0.9457464228365704]","[0.9777637610901917, 0.9834049606292414]",0.15262452975836885,0.16805847282562228,0.5592645906143341,0.08689688488920555,0.9532990574121679,0.8875149581172717,0.8602564102564103,0.9192315637265028,,,2026-09-24T22:18:07
bridge12_B2,RF_v2agg_r1,all,RF,v2agg,fire_ever_frac>0,,,,4999,2510,0.5021004200840168,0.984781484748031,0.9858873974550656,"[0.9822909126851372, 0.9873149187100533]","[0.9834075185288916, 0.9879282780233428]",0.04729459079753268,0.03730623742099626,0.16910336062956055,0.5939305555555557,0.95503300330033,0.9223107569721115,0.9562073121735637,0.938386704499392,,,2026-09-24T22:18:41
bridge12_B2,RF_v2agg_r1,forest,RF,v2agg,fire_ever_frac>0,,,,3287,2507,0.7627015515667782,0.9576332423061581,0.9869038887920653,"[0.9510307293424565, 0.9631018149182289]","[0.9844775998672729, 0.988696527051745]",0.06997694731364576,0.04186455143555981,0.23528501414815675,0.5939305555555557,0.95503300330033,0.9234144395692062,0.8602564102564103,0.9389576150882175,,,2026-09-24T22:18:41
bridge12_B2,LogReg_v2agg_r1,all,LogReg,v2agg,fire_ever_frac>0,,,,4999,2510,0.5021004200840168,0.9640611519370489,0.970763155683068,"[0.9604086546541836, 0.9690989257113771]","[0.9681279950159392, 0.9745227047033174]",0.07286438618943455,0.03937836021477154,0.24442137401320074,0.44156336784362793,0.914262494920764,0.896414342629482,0.9152269987946967,0.9052504526252263,,,2026-09-24T22:18:41
bridge12_B2,LogReg_v2agg_r1,forest,LogReg,v2agg,fire_ever_frac>0,,,,3287,2507,0.7627015515667782,0.930438106634756,0.9793574757248769,"[0.9225620953637507, 0.9389017545743713]","[0.9769064903443808, 0.9818602067602272]",0.09430050240909502,0.042687648678189374,0.28743908848396005,0.44156336784362793,0.9324212271973465,0.8970881531711209,0.791025641025641,0.9144134986785931,,,2026-09-24T22:18:41
bridge12_B2,MaxEnt_v2agg_r1,all,MaxEnt,v2agg,fire_ever_frac>0,,,,4999,2510,0.5021004200840168,0.9544890746375686,0.9588947999271533,"[0.9510333195142292, 0.9603674194343558]","[0.9572265419931089, 0.9662361323990847]",0.07746988279872023,0.04410581451427314,0.356232576169762,0.2887608677894806,0.8787995382839554,0.9099601593625498,0.8734431498593813,0.8941084360931689,,,2026-09-24T22:18:42
bridge12_B2,MaxEnt_v2agg_r1,forest,MaxEnt,v2agg,fire_ever_frac>0,,,,3287,2507,0.7627015515667782,0.9196779785830445,0.9709348148217145,"[0.914780646241805, 0.9307698700050117]","[0.9692693202853008, 0.9772859027301343]",0.10609714712860953,0.08126102823843366,0.48374909918554787,0.253888605890605,0.9038461538461539,0.9186278420422817,0.6858974358974359,0.9111770524233432,,,2026-09-24T22:18:42
bridge12_B2,RF_cdr7_r2,all,RF,cdr7,fire_ever_frac>0,,,,2613,1191,0.45579793340987373,0.9247819145230107,0.8869203411246577,"[0.9156604311402562, 0.9353564547632797]","[0.8665140477945165, 0.906847277169183]",0.10765683056149414,0.038094498360986065,0.35096534847864674,0.44617562992562987,0.7926739926739926,0.90848026868178,0.80098452883263,0.8466353677621282,,,2026-09-24T22:18:55
bridge12_B2,RF_cdr7_r2,forest,RF,cdr7,fire_ever_frac>0,,,,1866,1185,0.635048231511254,0.8533454773013129,0.8894341571428359,"[0.8345473893566795, 0.8705748248108701]","[0.8712183550022181, 0.9070539589689713]",0.14638466670360414,0.046623684785237665,0.4619918644074672,0.44617562992562987,0.7926739926739926,0.9130801687763713,0.5844346549192364,0.8486274509803922,,,2026-09-24T22:18:55
bridge12_B2,LogReg_cdr7_r2,all,LogReg,cdr7,fire_ever_frac>0,,,,2613,1191,0.45579793340987373,0.8635960514926175,0.7835395600486778,"[0.8498976072890797, 0.8739722053941835]","[0.7538203544712053, 0.8066397688700869]",0.1566751277929074,0.10475849438078383,0.6782098498977976,0.4159749448299408,0.8122192273135669,0.7590260285474392,0.8530239099859352,0.7847222222222223,,,2026-09-24T22:18:55
bridge12_B2,LogReg_cdr7_r2,forest,LogReg,cdr7,fire_ever_frac>0,,,,1866,1185,0.635048231511254,0.7646362695713056,0.795594078283131,"[0.7433416978010744, 0.78584180622936]","[0.7774278953325119, 0.8194766179549011]",0.2030391433450194,0.15244182257335093,0.864336421722613,0.32405903935432434,0.7919407894736842,0.8126582278481013,0.6284875183553598,0.8021657642648895,,,2026-09-24T22:18:55
bridge12_B2,MaxEnt_cdr7_r2,all,MaxEnt,cdr7,fire_ever_frac>0,,,,2613,1191,0.45579793340987373,0.8973799629428874,0.8589987870748041,"[0.8851968910050886, 0.9101120644047421]","[0.8362302542074552, 0.8770627812680697]",0.2029953575099432,0.2055547001833205,0.777850757744261,0.05536421931488866,0.8308631211857018,0.8001679261125105,0.8635724331926864,0.8152266894781864,,,2026-09-24T22:18:56
bridge12_B2,MaxEnt_cdr7_r2,forest,MaxEnt,cdr7,fire_ever_frac>0,,,,1866,1185,0.635048231511254,0.8189774283289033,0.8672568650690895,"[0.7954242643915315, 0.8372923753229614]","[0.8440505842731498, 0.8839084850269238]",0.2809388299775557,0.28602120482200666,1.0610489004117296,0.04883270376806004,0.8304647160068847,0.8143459915611815,0.71071953010279,0.8223263740945889,,,2026-09-24T22:18:56
bridge12_B2,RF_v2agg_r2,all,RF,v2agg,fire_ever_frac>0,,,,2613,1191,0.45579793340987373,0.9288451477974164,0.9004484080498881,"[0.9191410230975163, 0.9402929525354836]","[0.8808068780733983, 0.9166735129953291]",0.10429248392289359,0.05381241161355625,0.3479258304239153,0.5380093795093795,0.8451290591174022,0.852225020990764,0.869198312236287,0.8486622073578596,,,2026-09-24T22:19:25
bridge12_B2,RF_v2agg_r2,forest,RF,v2agg,fire_ever_frac>0,,,,1866,1185,0.635048231511254,0.8653481787145981,0.903703899703736,"[0.8457143255450844, 0.8800592328234105]","[0.8862002507783995, 0.9184285362621786]",0.13957257227966394,0.04625567714989682,0.44299267829125877,0.5380093795093795,0.8451290591174022,0.8565400843881856,0.7268722466960352,0.8507963118189439,,,2026-09-24T22:19:25
bridge12_B2,LogReg_v2agg_r2,all,LogReg,v2agg,fire_ever_frac>0,,,,2613,1191,0.45579793340987373,0.8880826191749893,0.8739463301518885,"[0.8777154402273971, 0.8998867502518301]","[0.8585051725930252, 0.887782410790682]",0.1389063379249185,0.08140502948854053,0.5917024729931992,0.45949113368988037,0.7928571428571428,0.8387909319899244,0.8164556962025317,0.8151774785801713,,,2026-09-24T22:19:25
bridge12_B2,LogReg_v2agg_r2,forest,LogReg,v2agg,fire_ever_frac>0,,,,1866,1185,0.635048231511254,0.8247743142685428,0.8882765762342297,"[0.8052735955439073, 0.8439029845660081]","[0.8743209746882116, 0.9010362507718017]",0.17717793014359617,0.11150444936756303,0.7478239144081812,0.45949113368988037,0.8056451612903226,0.8430379746835444,0.6461086637298091,0.8239175257731959,,,2026-09-24T22:19:25
bridge12_B2,MaxEnt_v2agg_r2,all,MaxEnt,v2agg,fire_ever_frac>0,,,,2613,1191,0.45579793340987373,0.8936588997887345,0.8632014071645677,"[0.8832664197373409, 0.9100300793811061]","[0.8485083282930911, 0.8860197371916481]",0.15364243057386578,0.14472686055146444,0.9922187339184605,0.28709939368384896,0.8696939782823297,0.7397145256087322,0.9071729957805907,0.7994555353901996,,,2026-09-24T22:19:26
bridge12_B2,MaxEnt_v2agg_r2,forest,MaxEnt,v2agg,fire_ever_frac>0,,,,1866,1185,0.635048231511254,0.8403340830374789,0.8798132703197691,"[0.8218242594348097, 0.8544634813534329]","[0.8645276924293852, 0.8955543046963429]",0.2111215026795711,0.2030778843061428,1.3624610860279838,0.28709939368384896,0.8722772277227723,0.7434599156118143,0.8105726872246696,0.8027334851936219,,,2026-09-24T22:19:26
bridge12_B2,RF_cdr7_r3,all,RF,cdr7,fire_ever_frac>0,,,,2401,1600,0.6663890045814244,0.9328019662921349,0.9537500840218133,"[0.9201737086454432, 0.9423111735330837]","[0.9423945719864647, 0.9641561145086379]",0.1052101539131073,0.11274150621542253,0.353447574824917,0.44672420634920634,0.8281497100685292,0.981875,0.5930087390761548,0.8984844152130398,,,2026-09-24T22:19:35
bridge12_B2,RF_cdr7_r3,forest,RF,cdr7,fire_ever_frac>0,,,,2163,1600,0.7397133610725843,0.9046769538188277,0.9538084780896855,"[0.8898880162078152, 0.9198834369449378]","[0.944220265341103, 0.9630746495548815]",0.11598516370921756,0.11952473766701655,0.3862453027759112,0.44672420634920634,0.8281497100685292,0.981875,0.42095914742451157,0.8984844152130398,,,2026-09-24T22:19:35
bridge12_B2,LogReg_cdr7_r3,all,LogReg,cdr7,fire_ever_frac>0,,,,2401,1600,0.6663890045814244,0.8063619694132335,0.840979898562447,"[0.7893605746722847, 0.8277642009987515]","[0.8301391843467626, 0.8589701174870371]",0.163013932651003,0.16571270110072572,1.5381105339068244,0.3674298822879791,0.7460844803037494,0.9825,0.33208489388264667,0.8481251685999461,,,2026-09-24T22:19:36
bridge12_B2,LogReg_cdr7_r3,forest,LogReg,cdr7,fire_ever_frac>0,,,,2163,1600,0.7397133610725843,0.7315658303730018,0.8423922011194955,"[0.7052590475133215, 0.7537364009769094]","[0.8277173166817509, 0.8566867366750087]",0.16755051253434278,0.15647878835537032,1.6633936168795567,0.36638447642326355,0.7778327560613557,0.9825,0.2024866785079929,0.8682684341342171,,,2026-09-24T22:19:36
bridge12_B2,MaxEnt_cdr7_r3,all,MaxEnt,cdr7,fire_ever_frac>0,,,,2401,1600,0.6663890045814244,0.6522534332084894,0.7672318122117211,"[0.6295130110799001, 0.6752373107833957]","[0.7458048035724869, 0.7819947935497332]",0.386800083136057,0.39668114623915207,2.8115940776373938,0.061040099825171446,0.815422477440525,0.62125,0.7191011235955056,0.7052146151117415,,,2026-09-24T22:19:36
bridge12_B2,MaxEnt_cdr7_r3,forest,MaxEnt,cdr7,fire_ever_frac>0,,,,2163,1600,0.7397133610725843,0.6006538632326821,0.7880987532613832,"[0.5707691218916519, 0.6238270703818827]","[0.7656863491782647, 0.8008058355713217]",0.42913485919396394,0.44190718068373736,3.11917817852671,0.03371327285572756,0.8112480739599384,0.658125,0.5648312611012434,0.7267080745341615,,,2026-09-24T22:19:36
bridge12_B2,RF_v2agg_r3,all,RF,v2agg,fire_ever_frac>0,,,,2401,1600,0.6663890045814244,0.8895540730337078,0.9180016214912934,"[0.8762263089107366, 0.905835196239076]","[0.9066450323251759, 0.9315923401344414]",0.10856095656415402,0.04047460308315115,0.36065724085191014,0.5481329365079364,0.8470780993992354,0.969375,0.6504369538077404,0.9041095890410958,,,2026-09-24T22:20:06
bridge12_B2,RF_v2agg_r3,forest,RF,v2agg,fire_ever_frac>0,,,,2163,1600,0.7397133610725843,0.8433653419182948,0.9181113659568053,"[0.8197464198490231, 0.8659570104351688]","[0.9049262461365639, 0.9331963413230117]",0.12014763097121835,0.040092364169650015,0.3953100268927014,0.5481329365079364,0.8470780993992354,0.969375,0.5026642984014209,0.9041095890410958,,,2026-09-24T22:20:06
bridge12_B2,LogReg_v2agg_r3,all,LogReg,v2agg,fire_ever_frac>0,,,,2401,1600,0.6663890045814244,0.822100109238452,0.864627772676579,"[0.8069843652465668, 0.8434318430087391]","[0.8486334518682727, 0.885441973682251]",0.15045828871377007,0.13335942882094964,0.6468246564132162,0.4097834527492523,0.8709280885064536,0.885625,0.7378277153558053,0.8782150604276419,,,2026-09-24T22:20:06
bridge12_B2,LogReg_v2agg_r3,forest,LogReg,v2agg,fire_ever_frac>0,,,,2163,1600,0.7397133610725843,0.7604745781527531,0.8675443105969318,"[0.7381978657859679, 0.7837953485790408]","[0.8515910954673308, 0.8839544774463238]",0.1648318605187543,0.1609161334617478,0.7037376028537068,0.39996209740638733,0.8721712538226299,0.89125,0.6287744227353463,0.8816074188562596,,,2026-09-24T22:20:06
bridge12_B2,MaxEnt_v2agg_r3,all,MaxEnt,v2agg,fire_ever_frac>0,,,,2401,1600,0.6663890045814244,0.8035662453183521,0.8530876185069188,"[0.7884612398564295, 0.8232897354868913]","[0.8423487086829575, 0.8684519056365857]",0.18405644068122137,0.17604048176114312,1.8018322491876848,0.4005316170665094,0.849685534591195,0.844375,0.7016229712858927,0.8470219435736677,,,2026-09-24T22:20:07
bridge12_B2,MaxEnt_v2agg_r3,forest,MaxEnt,v2agg,fire_ever_frac>0,,,,2163,1600,0.7397133610725843,0.7482837477797513,0.8592365922381688,"[0.7299445631660746, 0.7745483875444049]","[0.8500818971227787, 0.8742207635358519]",0.20237982569020171,0.19669669338645746,1.9865287799542568,0.18877273695913765,0.8432203389830508,0.870625,0.5399644760213144,0.8567035670356703,,,2026-09-24T22:20:07
bridge12_B2,RF_cdr7_r4,all,RF,cdr7,fire_ever_frac>0,,,,3912,1023,0.26150306748466257,0.9887675197694292,0.9554988425926938,"[0.9859715552334385, 0.991657869351066]","[0.9425337270388132, 0.9704735442964074]",0.040316527699913875,0.07477359366634721,0.158011570306323,0.5800414862914863,0.9559164733178654,0.8054740957966764,0.986846659743856,0.8742705570291778,,,2026-09-24T22:20:17
bridge12_B2,RF_cdr7_r4,forest,RF,cdr7,fire_ever_frac>0,,,,2011,1022,0.5082048731974143,0.9698632115699307,0.9563442708653546,"[0.9613847231483698, 0.9759015016452998]","[0.9390878069080023, 0.967853426654589]",0.07602934515540534,0.11706700378901488,0.27556322037518266,0.5800414862914863,0.9559164733178654,0.8062622309197651,0.961577350859454,0.8747346072186837,,,2026-09-24T22:20:17
bridge12_B2,LogReg_cdr7_r4,all,LogReg,cdr7,fire_ever_frac>0,,,,3912,1023,0.26150306748466257,0.9017701890779974,0.8770878332810317,"[0.8915749292746579, 0.9174930052882018]","[0.862009454852733, 0.8993617050454614]",0.07277064337776816,0.09156074439532753,0.4483433345133655,0.41372913122177124,0.8917470525187567,0.8132942326490714,0.9650398061613015,0.850715746421268,,,2026-09-24T22:20:17
bridge12_B2,LogReg_cdr7_r4,forest,LogReg,cdr7,fire_ever_frac>0,,,,2011,1022,0.5082048731974143,0.9186739061179826,0.9326071449960198,"[0.9111896220460288, 0.9340671308067806]","[0.9215553888799307, 0.9487984673451166]",0.1055941441718847,0.09258765330540869,0.7163671660820131,0.29740267992019653,0.9229122055674518,0.8434442270058709,0.9271991911021233,0.8813905930470348,,,2026-09-24T22:20:17
bridge12_B2,MaxEnt_cdr7_r4,all,MaxEnt,cdr7,fire_ever_frac>0,,,,3912,1023,0.26150306748466257,0.670151587898548,0.5181750757383822,"[0.6520265631560979, 0.6935845914340538]","[0.48924676421254376, 0.5474617102611674]",0.22594828403587272,0.2290222347825588,1.5948992659173087,0.04790452859312466,0.8303030303030303,0.2678396871945259,0.9806161301488404,0.4050258684405026,,,2026-09-24T22:20:17
bridge12_B2,MaxEnt_cdr7_r4,forest,MaxEnt,cdr7,fire_ever_frac>0,,,,2011,1022,0.5082048731974143,0.7942529270112133,0.7852254385817857,"[0.7804724028897124, 0.8123689473642552]","[0.7654099292803389, 0.8091009225847752]",0.4386721021894286,0.45299808191280877,3.092377065403224,0.04790452859312466,0.9072847682119205,0.26810176125244617,0.9716885743174924,0.41389728096676737,,,2026-09-24T22:20:17
bridge12_B2,RF_v2agg_r4,all,RF,v2agg,fire_ever_frac>0,,,,3912,1023,0.26150306748466257,0.9875771752970024,0.9662691740881689,"[0.9843751173680326, 0.9910010228571178]","[0.9589186477887788, 0.9767147637572616]",0.05067260133664252,0.12133187845405126,0.21302756435436818,0.5701962481962481,0.9601406799531067,0.8005865102639296,0.9882312218760817,0.8731343283582089,,,2026-09-24T22:20:59
bridge12_B2,RF_v2agg_r4,forest,RF,v2agg,fire_ever_frac>0,,,,2011,1022,0.5082048731974143,0.9688233978855473,0.9674831710211347,"[0.9619150182338404, 0.9756664552741605]","[0.9598960745117323, 0.9748116806771702]",0.08967718147301171,0.15527731849325307,0.32758487810945414,0.5701962481962481,0.9601406799531067,0.8013698630136986,0.9656218402426694,0.8736,,,2026-09-24T22:20:59
bridge12_B2,LogReg_v2agg_r4,all,LogReg,v2agg,fire_ever_frac>0,,,,3912,1023,0.26150306748466257,0.90384906242609,0.8015398464817756,"[0.8932960394823525, 0.9204418316417111]","[0.7763563145039519, 0.8325263127120027]",0.09260370987860236,0.03526514837788748,0.4672185172396266,0.41105636954307556,0.7773319959879639,0.7575757575757576,0.9231568016614745,0.7673267326732673,,,2026-09-24T22:21:00
bridge12_B2,LogReg_v2agg_r4,forest,LogReg,v2agg,fire_ever_frac>0,,,,2011,1022,0.5082048731974143,0.8879558707425517,0.8691381077020199,"[0.878558220662117, 0.9043723744951808]","[0.8535891547790564, 0.8912827560376478]",0.14334261077416208,0.127537078867548,0.7739414197152402,0.40544450283050537,0.8830874006810443,0.761252446183953,0.8958543983822043,0.8176563321071992,,,2026-09-24T22:21:00
bridge12_B2,MaxEnt_v2agg_r4,all,MaxEnt,v2agg,fire_ever_frac>0,,,,3912,1023,0.26150306748466257,0.9089411855465519,0.7071099038081138,"[0.9019851946253816, 0.9208002799576511]","[0.695544677704475, 0.7443701490118533]",0.13769768407433192,0.12632508621048125,1.431661233079594,0.322015865023344,0.6451846488052136,0.8709677419354839,0.8303911388023537,0.7412645590682196,,,2026-09-24T22:21:00
bridge12_B2,MaxEnt_v2agg_r4,forest,MaxEnt,v2agg,fire_ever_frac>0,,,,2011,1022,0.5082048731974143,0.8137546277150416,0.7518222816595809,"[0.8048515322164158, 0.8389042184182564]","[0.7466859071139397, 0.7861330440652127]",0.21910072783630472,0.20608491596173256,2.313427256213943,0.322015865023344,0.7128,0.8718199608610567,0.6370070778564206,0.784330985915493,,,2026-09-24T22:21:00
bridge12_B2,RF_cdr7_r5,all,RF,cdr7,fire_ever_frac>0,,,,4146,2011,0.485045827303425,0.9736317932868055,0.9703982089985891,"[0.9694303403878202, 0.9768563474659863]","[0.964709909850359, 0.9759358379956604]",0.06369815693977077,0.024029660644667033,0.2151885943050247,0.4188551587301587,0.9064184223419892,0.9199403281949279,0.9105386416861827,0.9131293188548865,,,2026-09-24T22:21:10
bridge12_B2,RF_cdr7_r5,forest,RF,cdr7,fire_ever_frac>0,,,,2768,2006,0.7247109826589595,0.933455865997807,0.9720081212898312,"[0.9238185950678148, 0.9412539121480702]","[0.9658932752357807, 0.9767761898082475]",0.09213556667523298,0.026309530800644673,0.29707884278638186,0.4188551587301587,0.9064184223419892,0.922233300099701,0.7493438320209974,0.914257474672597,,,2026-09-24T22:21:10
bridge12_B2,LogReg_cdr7_r5,all,LogReg,cdr7,fire_ever_frac>0,,,,4146,2011,0.485045827303425,0.8736788413142237,0.8974034142567534,"[0.8638031109925853, 0.8844867397929654]","[0.8900594492730082, 0.9053403620258101]",0.14350992303475835,0.06297602609310521,0.44577629335698127,0.41682711243629456,0.8950418544752092,0.6911984087518648,0.9236533957845433,0.7800224466891134,,,2026-09-24T22:21:11
bridge12_B2,LogReg_cdr7_r5,forest,LogReg,cdr7,fire_ever_frac>0,,,,2768,2006,0.7247109826589595,0.8702854690521612,0.9499825835694766,"[0.8563974742439349, 0.8841785339519498]","[0.943331380868369, 0.9560392279923359]",0.1822201067447716,0.20007780072584783,0.5317857058399749,0.3240831792354584,0.9113849765258216,0.7741774675972084,0.8018372703412073,0.8371967654986524,,,2026-09-24T22:21:11
bridge12_B2,MaxEnt_cdr7_r5,all,MaxEnt,cdr7,fire_ever_frac>0,,,,4146,2011,0.485045827303425,0.9506651356648503,0.956321873535041,"[0.9438600431817045, 0.9570720551020907]","[0.9507861154073246, 0.9620767282749337]",0.11108443105177064,0.11444529217998288,0.40613537353741397,0.08814978818226982,0.926595744680851,0.8662357036300348,0.9353629976580796,0.8953996401953225,,,2026-09-24T22:21:11
bridge12_B2,MaxEnt_cdr7_r5,forest,MaxEnt,cdr7,fire_ever_frac>0,,,,2768,2006,0.7247109826589595,0.9148973682626661,0.9667326742277975,"[0.9039899494430095, 0.9264443300675401]","[0.9621925927103102, 0.9721449790822033]",0.16443354650352973,0.17678533720512835,0.5923829415333364,0.03159105187568512,0.8488848429676832,0.9297108673978066,0.5643044619422573,0.8874613371401381,,,2026-09-24T22:21:11
bridge12_B2,RF_v2agg_r5,all,RF,v2agg,fire_ever_frac>0,,,,4146,2011,0.485045827303425,0.9720537046245649,0.9689705541693615,"[0.9676085569182146, 0.975328363788391]","[0.9636529349522166, 0.9734934645658758]",0.06555737678309745,0.036655684701555134,0.22933002884958656,0.45998810311432087,0.9013125911521633,0.921929388363998,0.9049180327868852,0.9115044247787609,,,2026-09-24T22:22:32
bridge12_B2,RF_v2agg_r5,forest,RF,v2agg,fire_ever_frac>0,,,,2768,2006,0.7247109826589595,0.9290789050172317,0.9705226085831504,"[0.917879334437632, 0.9380357287716903]","[0.9653246016694911, 0.9747661416164116]",0.0935248142491911,0.025031633351425428,0.3050089756188003,0.45998810311432087,0.9013125911521633,0.9242273180458624,0.7335958005249343,0.9126261383214374,,,2026-09-24T22:22:32
bridge12_B2,LogReg_v2agg_r5,all,LogReg,v2agg,fire_ever_frac>0,,,,4146,2011,0.485045827303425,0.9434696988576878,0.9549930652030664,"[0.9348320129219038, 0.949997560256994]","[0.9493298976577322, 0.9598758130969106]",0.09464769176741221,0.07697179964391539,0.31110088716074874,0.2802819311618805,0.6734765762592462,0.9507707608155147,0.565807962529274,0.7884536082474226,,,2026-09-24T22:22:32
bridge12_B2,LogReg_v2agg_r5,forest,LogReg,v2agg,fire_ever_frac>0,,,,2768,2006,0.7247109826589595,0.9116947059085212,0.9684019364192338,"[0.9014608078651185, 0.9205868451077214]","[0.9644782393362148, 0.9718555834354725]",0.10718722036325641,0.02172915691196572,0.3261756843984453,0.2802819311618805,0.80083857442348,0.9521435692921236,0.3766404199475066,0.8699612844454565,,,2026-09-24T22:22:32
bridge12_B2,MaxEnt_v2agg_r5,all,MaxEnt,v2agg,fire_ever_frac>0,,,,4146,2011,0.485045827303425,0.9337207420079492,0.9264294611252609,"[0.9283430156388108, 0.9439807551441312]","[0.9261290386226451, 0.9412835806397878]",0.1029295740168494,0.07902984472139059,0.5946734327429418,0.2919113801828793,0.8744326777609682,0.8622575832918946,0.8833723653395784,0.8683024536805208,,,2026-09-24T22:22:33
bridge12_B2,MaxEnt_v2agg_r5,forest,MaxEnt,v2agg,fire_ever_frac>0,,,,2768,2006,0.7247109826589595,0.8843816320068665,0.9426848081563919,"[0.8763855742483835, 0.9052670564422219]","[0.9416704443382246, 0.9568701542233146]",0.1410055205140477,0.12370907682624502,0.8089706092148068,0.11594846330701924,0.86977414704469,0.9022931206380858,0.6443569553805775,0.8857352581355518,,,2026-09-24T22:22:33
bridge12_B3,null_climatological_frequency,all,null,,monthly fire indicator (t+1),,,,856596,21105,0.02463821918383929,0.908355983224128,0.16491614197624202,"[0.9066824405853198, 0.9094721752827061]","[0.1614228232873359, 0.16768698119867115]",0.021720247533378912,0.00106658016540125,0.08398666326368952,,,,,,,,2026-09-24T22:23:02
bridge12_B3,null_climatological_frequency,forest,null,,monthly fire indicator (t+1),,,,544958,21103,0.03872408515885628,0.85697400936314,0.16507180632627713,"[0.8554411867601318, 0.8591558523525442]","[0.1628016397874301, 0.16916315854121097]",0.034137537266248845,0.0016771836150260271,0.13199571265608873,,,,,,,,2026-09-24T22:23:02
bridge12_B3,null_seasonal_frequency,all,null,,monthly fire indicator (t+1),,,,856596,21105,0.02463821918383929,0.9298903329251147,0.54557421236631,"[0.9276574348373807, 0.9315780380337596]","[0.538392138495369, 0.5517566962064989]",0.014894151789270926,0.0030737931113071566,0.08216195967028138,,,,,,,,2026-09-24T22:23:27
bridge12_B3,null_seasonal_frequency,forest,null,,monthly fire indicator (t+1),,,,544958,21103,0.03872408515885628,0.920143145978068,0.547141984846226,"[0.9176738106080088, 0.9225959780655658]","[0.5409685703187316, 0.5536282664500379]",0.023407494047700355,0.004832546372572571,0.12908287427165943,,,,,,,,2026-09-24T22:23:27
bridge12_B3,RF_monthly_cdr7,all,RF,"cdr7 static + monthly ndvi_anomaly_t, dryness_t",monthly fire indicator (t+1),,,,856596,21105,0.02463821918383929,0.9024639206299246,0.16074786770369942,"[0.9010745971122898, 0.9035212346309494]","[0.15752480959228107, 0.16333693485862574]",0.09327759072949944,0.13127679792015126,0.262275043935851,0.8111733462751184,0.16389698023847943,0.37057569296375265,0.9522460445414732,0.2272753690573056,4035018.0,,2026-09-24T22:26:10
bridge12_B3,RF_monthly_cdr7,forest,RF,"cdr7 static + monthly ndvi_anomaly_t, dryness_t",monthly fire indicator (t+1),,,,544958,21103,0.03872408515885628,0.8455751964861964,0.16080778178362407,"[0.8439711959278259, 0.8475312370779586]","[0.15793513306077175, 0.16378946328393404]",0.14660978305547165,0.20630315564672777,0.41217204835149496,0.8111733462751184,0.16389698023847943,0.37061081362839404,0.9238377031812238,0.22728197378745169,4035018.0,,2026-09-24T22:26:10
bridge12_B3,RF_monthly_cdr7_month,all,RF,"cdr7 static + monthly ndvi_anomaly_t, dryness_t + month sin/cos",monthly fire indicator (t+1),,,,856596,21105,0.02463821918383929,0.9719702662142942,0.5419849709200654,"[0.9712572785945613, 0.9726017997137136]","[0.5354711793773758, 0.5485474197846755]",0.03756387011512756,0.05166612251219281,0.12001167484240147,0.8946844485148792,0.5060599617265575,0.5638474295190713,0.9860979950711617,0.5333930972658001,4035018.0,,2026-09-24T22:28:39
bridge12_B3,RF_monthly_cdr7_month,forest,RF,"cdr7 static + monthly ndvi_anomaly_t, dryness_t + month sin/cos",monthly fire indicator (t+1),,,,544958,21103,0.03872408515885628,0.9560588026260343,0.5420697834771407,"[0.9551275802425391, 0.9573683355888367]","[0.5347506753281802, 0.5481704744349927]",0.059034387585767185,0.08110338588893967,0.18851113235523517,0.8946844485148792,0.5060599617265575,0.5639008671752831,0.9778278340380449,0.533417006589269,4035018.0,,2026-09-24T22:28:39
B1,RF_v2,all,RF,v2_57,y_all,"B1 fold 0 (CDR-PINO 2deg block permutation, block-carved validation)",0.0,,1335312,82014,0.06141935367914016,0.9592795020774308,0.5325179554518708,"[0.9589655565540282, 0.9596210866855783]","[0.5300861669427327, 0.5352809012599534]",0.045793635565568605,0.0485350914224509,0.13892377319661167,0.609968422422304,0.5048918801021998,0.5927280708171776,0.9619643532503842,0.5452954637232467,2326208.0,117.33452844619751,2026-09-24T22:34:33
B1,RF_v2,forest,RF,v2_57,y_all,"B1 fold 0 (CDR-PINO 2deg block permutation, block-carved validation)",0.0,,357915,81706,0.22828325161001914,0.8188131922711168,0.533664069712653,"[0.8173474663003905, 0.820300163497644]","[0.5308011236610034, 0.536448070626399]",0.1695493212253595,0.16694083468575963,0.5005168721378289,0.609968422422304,0.5048765541094966,0.594913470246983,0.8274169197962412,0.5462094694437111,2326208.0,117.33452844619751,2026-09-24T22:34:33
B1,RF_v2,all,RF,v2_57,y_all,"B1 fold 1 (CDR-PINO 2deg block permutation, block-carved validation)",1.0,,1448849,87260,0.06022711821590794,0.9766169117416105,0.7021919367378563,"[0.97637824045532, 0.9768284704685182]","[0.6995017302331072, 0.7051021301519541]",0.03430137500912069,0.039188907134772286,0.11055099177183034,0.5305475112787419,0.5861529737253621,0.781801512720605,0.9646251548741948,0.6699861524410005,2104634.0,103.37482213973999,2026-09-24T22:37:21
B1,RF_v2,forest,RF,v2_57,y_all,"B1 fold 1 (CDR-PINO 2deg block permutation, block-carved validation)",1.0,,372569,86879,0.23318902002045258,0.8918758364175156,0.7038375994304005,"[0.8910037321592494, 0.8930291685997542]","[0.7009935784552475, 0.7067241129158593]",0.13209451016070675,0.13963655022160357,0.41350144470825834,0.5305475112787419,0.5860990323634051,0.7850228478688751,0.8314116699919493,0.6711309011291791,2104634.0,103.37482213973999,2026-09-24T22:37:21
B1,RF_v2,all,RF,v2_57,y_all,"B1 fold 2 (CDR-PINO 2deg block permutation, block-carved validation)",2.0,,1376606,99137,0.07201552223366744,0.9421594639606428,0.509780272922186,"[0.9418102655684564, 0.942610423635478]","[0.5077217965163168, 0.5132918653859562]",0.06161242652305453,0.072514101609102,0.18646426776234074,0.4256970101966215,0.37917222963951935,0.816445928361762,0.896259713542951,0.5178469747474423,2268814.0,109.91382670402527,2026-09-24T22:40:18
B1,RF_v2,forest,RF,v2_57,y_all,"B1 fold 2 (CDR-PINO 2deg block permutation, block-carved validation)",2.0,,467054,98756,0.21144450106411677,0.8032688083205763,0.5110104249616089,"[0.8016829418824429, 0.8048223573161186]","[0.5076308111776582, 0.5138325594766132]",0.17974747198940189,0.1931494714673684,0.525305533560567,0.4256970101966215,0.37916818918589723,0.8195755194621086,0.6401718173870072,0.5184710682920266,2268814.0,109.91382670402527,2026-09-24T22:40:18
B1,RF_biswas15,all,RF,biswas15,y_all,"B1 fold 0 (CDR-PINO 2deg block permutation, block-carved validation)",0.0,,1335312,82014,0.06141935367914016,0.947953049661507,0.4989157504055564,"[0.9475210213991884, 0.948411928039755]","[0.49646684683508635, 0.5024003335294953]",0.0495568542716119,0.06260010437397825,0.16258942172482121,0.45628910088360614,0.4141806765517335,0.7431658009608115,0.9312150821273153,0.5319148936170213,2326208.0,74.64462041854858,2026-09-24T22:42:37
B1,RF_biswas15,forest,RF,biswas15,y_all,"B1 fold 0 (CDR-PINO 2deg block permutation, block-carved validation)",0.0,,357915,81706,0.22828325161001914,0.7905176836120031,0.5084468247613027,"[0.7888443082780139, 0.79215100534459]","[0.5054064557006946, 0.5114920927890173]",0.1742468352972147,0.1551118802424881,0.5189620455539607,0.45628910088360614,0.4208470721608151,0.7451227572026534,0.6966717232240803,0.5378916724463155,2326208.0,74.64462041854858,2026-09-24T22:42:37
B1,RF_biswas15,all,RF,biswas15,y_all,"B1 fold 1 (CDR-PINO 2deg block permutation, block-carved validation)",1.0,,1448849,87260,0.06022711821590794,0.9657691393705403,0.6399463483555619,"[0.965372334508869, 0.9661751979511523]","[0.6369938963918419, 0.6432479358271109]",0.037991917503499596,0.048613113306793056,0.130497346089923,0.4570732025361437,0.5255078168517212,0.8108755443502177,0.9530783518374487,0.6377233500822423,2104634.0,64.79848217964172,2026-09-24T22:44:48
B1,RF_biswas15,forest,RF,biswas15,y_all,"B1 fold 1 (CDR-PINO 2deg block permutation, block-carved validation)",1.0,,372569,86879,0.23318902002045258,0.865997163422607,0.6533149561190364,"[0.8649395603799754, 0.8675027057444106]","[0.6508533742857128, 0.6562351385719729]",0.13710448094428468,0.11941938956840842,0.4279254023340987,0.42705550684944377,0.5211963981573974,0.8347817078925862,0.7667891770800518,0.6417289740299961,2104634.0,64.79848217964172,2026-09-24T22:44:48
B1,RF_biswas15,all,RF,biswas15,y_all,"B1 fold 2 (CDR-PINO 2deg block permutation, block-carved validation)",2.0,,1376606,99137,0.07201552223366744,0.9231403262305412,0.4299657381407798,"[0.9225701926070261, 0.9237597910566552]","[0.42691626777294595, 0.43307807326341136]",0.06452311181029459,0.07662922653615815,0.20608433464840592,0.3465654801955455,0.34355362761151165,0.8084670708211869,0.8801184216603299,0.4821993135417575,2268814.0,71.10332751274109,2026-09-24T22:47:10
B1,RF_biswas15,forest,RF,biswas15,y_all,"B1 fold 2 (CDR-PINO 2deg block permutation, block-carved validation)",2.0,,467054,98756,0.21144450106411677,0.7683380633711547,0.44087625301891054,"[0.767065207458499, 0.7700316082131771]","[0.43880768120528885, 0.44356654323641875]",0.1792457322081663,0.1581055590053855,0.5302021771987384,0.3465654801955455,0.35432135958461075,0.8098343391793916,0.6042878321359334,0.49296087181636633,2268814.0,71.10332751274109,2026-09-24T22:47:10
B1,RF_v1_corrlabel,all,RF,v1_57,y_all,"B1 fold 0 (CDR-PINO 2deg block permutation, block-carved validation)",0.0,,1335312,82014,0.06141935367914016,0.9582129772640867,0.5168548093280091,"[0.9579505724332392, 0.9585876055964686]","[0.5143954462804804, 0.5201789092972704]",0.044904249310213556,0.04432021729164454,0.13568627339585626,0.553020519095347,0.4814382352089706,0.6083107762089399,0.9571235252908725,0.5374890245150586,2326208.0,115.78172492980957,2026-09-24T22:50:03
B1,RF_v1_corrlabel,forest,RF,v1_57,y_all,"B1 fold 0 (CDR-PINO 2deg block permutation, block-carved validation)",0.0,,357915,81706,0.22828325161001914,0.8128400217479664,0.5176747857651037,"[0.8111819228725838, 0.8143916016962499]","[0.5147929038144875, 0.5207948750504645]",0.16634103480132126,0.15483903993560813,0.49298619234232915,0.553020519095347,0.4814485927184279,0.6104814823880743,0.8054951142069954,0.538341158059468,2326208.0,115.78172492980957,2026-09-24T22:50:03
B1,RF_v1_corrlabel,all,RF,v1_57,y_all,"B1 fold 1 (CDR-PINO 2deg block permutation, block-carved validation)",1.0,,1448849,87260,0.06022711821590794,0.9781012179590785,0.7194680991897541,"[0.977849235392337, 0.9783051233961064]","[0.7169948417627299, 0.722439682976776]",0.033056274884344414,0.03735774986559484,0.1069264503032253,0.5255703348828565,0.6136440546201194,0.7688975475590191,0.9689752193943988,0.6825536503608907,2104634.0,98.18905472755432,2026-09-24T22:52:41
B1,RF_v1_corrlabel,forest,RF,v1_57,y_all,"B1 fold 1 (CDR-PINO 2deg block permutation, block-carved validation)",1.0,,372569,86879,0.23318902002045258,0.8974453534043092,0.7204864013083768,"[0.8966351877097913, 0.8984436928636705]","[0.7178435377123353, 0.7237597755336258]",0.1274981954862349,0.13523345151695887,0.4032967915535078,0.5255703348828565,0.6134641636661811,0.7707155929511159,0.8523224474080296,0.6831575081110862,2104634.0,98.18905472755432,2026-09-24T22:52:41
B1,RF_v1_corrlabel,all,RF,v1_57,y_all,"B1 fold 2 (CDR-PINO 2deg block permutation, block-carved validation)",2.0,,1376606,99137,0.07201552223366744,0.942736297235335,0.5094400550919693,"[0.9423776039318668, 0.9431966523642661]","[0.5069047835651944, 0.5125311236519936]",0.0594027774351663,0.06551693085711388,0.17936045143509324,0.44060698120044867,0.3982812237350815,0.764800225949948,0.9103320706803845,0.5237906081069411,2268814.0,109.15479397773743,2026-09-24T22:55:33
B1,RF_v1_corrlabel,forest,RF,v1_57,y_all,"B1 fold 2 (CDR-PINO 2deg block permutation, block-carved validation)",2.0,,467054,98756,0.21144450106411677,0.8036933156469236,0.5103380294477879,"[0.802161091117238, 0.8052335195060164]","[0.5073546080738597, 0.5130697816155529]",0.17360958817270994,0.17968101813984624,0.5126793032048116,0.44060698120044867,0.3982246468213925,0.7672546478188667,0.6891077334115309,0.5243159832265386,2268814.0,109.15479397773743,2026-09-24T22:55:33
B1,RF_cdr7static,all,RF,cdr7_static_1km,y_all,"B1 fold 0 (CDR-PINO 2deg block permutation, block-carved validation)",0.0,,1335312,82014,0.06141935367914016,0.9499860838750817,0.4463227576859789,"[0.9496572419677083, 0.9504129355352697]","[0.4440428985689978, 0.4496102983381763]",0.065591966587862,0.07188174583127051,0.19378632298904738,0.6606613450658556,0.4142410157420506,0.7248030824005658,0.9329313539158285,0.5271844444937144,2326208.0,60.450676918029785,2026-09-24T22:57:25
B1,RF_cdr7static,forest,RF,cdr7_static_1km,y_all,"B1 fold 0 (CDR-PINO 2deg block permutation, block-carved validation)",0.0,,357915,81706,0.22828325161001914,0.778612945291063,0.44747883621063295,"[0.7767404432702693, 0.7799148226104495]","[0.44469099455181094, 0.45025728697505535]",0.24331096207946828,0.2621683765027693,0.7116507272957404,0.6606613450658556,0.41427735110045577,0.7275230705211367,0.6957267866000022,0.5279317204874063,2326208.0,60.450676918029785,2026-09-24T22:57:25
B1,RF_cdr7static,all,RF,cdr7_static_1km,y_all,"B1 fold 1 (CDR-PINO 2deg block permutation, block-carved validation)",1.0,,1448849,87260,0.06022711821590794,0.9631485177266494,0.5541065002748692,"[0.9629071721093572, 0.9634626772499398]","[0.5516809190218085, 0.5573569325809684]",0.051939692084011835,0.05693693447878563,0.15410274110863434,0.6508792355684146,0.48408241095237386,0.7447856979142792,0.94913002381776,0.5867800680769613,2104634.0,49.39210367202759,2026-09-24T22:59:07
B1,RF_cdr7static,forest,RF,cdr7_static_1km,y_all,"B1 fold 1 (CDR-PINO 2deg block permutation, block-carved validation)",1.0,,372569,86879,0.23318902002045258,0.8295195100503996,0.5555716667751533,"[0.8280778080589567, 0.8308504304061388]","[0.5521266002020574, 0.5586242101766989]",0.20068995481642946,0.21770550468339717,0.5897583557000101,0.6508792355684146,0.48412858047454094,0.7480173574741883,0.7576113969687424,0.5878144305652289,2104634.0,49.39210367202759,2026-09-24T22:59:07
B1,RF_cdr7static,all,RF,cdr7_static_1km,y_all,"B1 fold 2 (CDR-PINO 2deg block permutation, block-carved validation)",2.0,,1376606,99137,0.07201552223366744,0.932686061526161,0.41443308584651295,"[0.9321268635730432, 0.9332022759795315]","[0.4116796140684042, 0.41735297475014854]",0.09509601256129506,0.10956693723541797,0.27953261403520474,0.7624775740783092,0.3942156023910551,0.6831858942675287,0.918527964279368,0.4999483288059525,2268814.0,56.05856513977051,2026-09-24T23:01:01
B1,RF_cdr7static,forest,RF,cdr7_static_1km,y_all,"B1 fold 2 (CDR-PINO 2deg block permutation, block-carved validation)",2.0,,467054,98756,0.21144450106411677,0.7714014736217778,0.4154282361787319,"[0.769784469798598, 0.7727562037088463]","[0.4129991275995535, 0.4179025778481166]",0.2790801150002538,0.3187190197728912,0.8142184756187621,0.7624775740783092,0.39421649718566465,0.6857912430637125,0.7174217617255592,0.5006449705235535,2268814.0,56.05856513977051,2026-09-24T23:01:01
B1,MaxEnt_v2,all,MX_HIST,v2_57,y_all,"B1 fold 0 (CDR-PINO 2deg block permutation, block-carved validation)",0.0,,1335312,82014,0.06141935367914016,0.9567050689198932,0.5379795949467582,"[0.9563663889578549, 0.9571326974993358]","[0.535022183741383, 0.5411738572462137]",0.03917797644257112,0.01546869875200276,0.12828539978850872,0.4031370975185674,0.5180727115494735,0.5405418587070501,0.9670956149295699,0.5290688307426082,150000.0,1384.3881151676178,2026-09-24T23:26:14
B1,MaxEnt_v2,forest,MX_HIST,v2_57,y_all,"B1 fold 0 (CDR-PINO 2deg block permutation, block-carved validation)",0.0,,357915,81706,0.22828325161001914,0.8103597356222407,0.5396437417274088,"[0.8087568411196786, 0.812025533217902]","[0.5365326630950827, 0.542836386351232]",0.14529098564553286,0.05853353198271394,0.4720299534147797,0.4031370975185674,0.5181150951334673,0.542579492326145,0.8507217360766666,0.5300651641059365,150000.0,1384.3881151676178,2026-09-24T23:26:14
B1,MaxEnt_v2,all,MX_HIST,v2_57,y_all,"B1 fold 1 (CDR-PINO 2deg block permutation, block-carved validation)",1.0,,1448849,87260,0.06022711821590794,0.9713142332009588,0.6568418466795094,"[0.9710729295010592, 0.971556815482967]","[0.6546260295732438, 0.6607185133676392]",0.034504221574389426,0.020217033978900564,0.14647252966754654,0.3597884386486757,0.5653428273279725,0.7388264955305982,0.9635962100163853,0.640546058808626,150000.0,1134.3002815246582,2026-09-24T23:47:30
B1,MaxEnt_v2,forest,MX_HIST,v2_57,y_all,"B1 fold 1 (CDR-PINO 2deg block permutation, block-carved validation)",1.0,,372569,86879,0.23318902002045258,0.8693230770026886,0.6590389840048925,"[0.8681004582884768, 0.8707236810606951]","[0.6563362050692989, 0.662633131946635]",0.13311090567158215,0.07897984862249363,0.5632189108173575,0.3597884386486757,0.5656958326386269,0.7420090010244133,0.8267632748783647,0.6419665796968671,150000.0,1134.3002815246582,2026-09-24T23:47:30
B1,MaxEnt_v2,all,MX_HIST,v2_57,y_all,"B1 fold 2 (CDR-PINO 2deg block permutation, block-carved validation)",2.0,,1376606,99137,0.07201552223366744,0.941231743793422,0.4878315058647456,"[0.9407143625766698, 0.9418543414432049]","[0.48708019484151116, 0.493785776699781]",0.05039359434928266,0.022262283045242297,0.19121394319803275,0.3514449352395407,0.45408141652899564,0.6487688753946559,0.9394701554401712,0.534240942939376,150000.0,1009.8173544406891,2026-09-25T00:06:38
B1,MaxEnt_v2,forest,MX_HIST,v2_57,y_all,"B1 fold 2 (CDR-PINO 2deg block permutation, block-carved validation)",2.0,,467054,98756,0.21144450106411677,0.8056533113555446,0.49025070780119967,"[0.8043977061898798, 0.8067177567345344]","[0.49024143093461914, 0.4950575752446989]",0.14746269903508893,0.06619931857021312,0.5563504855451268,0.3514449352395407,0.454809712075026,0.651160435821621,0.7906993793069742,0.5355553057085869,150000.0,1009.8173544406891,2026-09-25T00:06:38
B1,MaxEnt_biswas15_LQHP,all,MX_BISWAS,biswas15,y_all,"B1 fold 0 (CDR-PINO 2deg block permutation, block-carved validation)",0.0,,1335312,82014,0.06141935367914016,0.9353022528511945,0.4563766747749969,"[0.9348196331713275, 0.9359773887981077]","[0.4536870968426373, 0.459845450724416]",0.05038202857496291,0.04484960725174205,0.1701425218888775,0.3596662579700789,0.3932675951152724,0.6934425829736387,0.9299911114515462,0.5018973824946609,150000.0,325.8326470851898,2026-09-25T00:13:25
B1,MaxEnt_biswas15_LQHP,forest,MX_BISWAS,biswas15,y_all,"B1 fold 0 (CDR-PINO 2deg block permutation, block-carved validation)",0.0,,357915,81706,0.22828325161001914,0.7662282068870808,0.47185183191853297,"[0.7646432954568063, 0.7677704062402658]","[0.46894949282343873, 0.47488905541573617]",0.1797708083570071,0.11802883302199213,0.5653923794210992,0.28180293373768417,0.37864901047377314,0.7650233764962181,0.6286435271841251,0.5065704965860972,150000.0,325.8326470851898,2026-09-25T00:13:25
B1,MaxEnt_biswas15_LQHP,all,MX_BISWAS,biswas15,y_all,"B1 fold 1 (CDR-PINO 2deg block permutation, block-carved validation)",1.0,,1448849,87260,0.06022711821590794,0.9504187447458396,0.5707937282054542,"[0.9498143966862811, 0.9510109291193071]","[0.5672285131771289, 0.5741816970314381]",0.040938202572255264,0.033373658747153576,0.16284374399051973,0.36026356811456606,0.49881304746307675,0.7609328443731378,0.9510021012214406,0.6026028478858667,150000.0,678.5668609142303,2026-09-25T00:26:11
B1,MaxEnt_biswas15_LQHP,forest,MX_BISWAS,biswas15,y_all,"B1 fold 1 (CDR-PINO 2deg block permutation, block-carved validation)",1.0,,372569,86879,0.23318902002045258,0.8406398021686101,0.5942901497943948,"[0.8391195260031247, 0.841930249177909]","[0.591100831315355, 0.5971193312770772]",0.15057946365930044,0.10759699204846988,0.5696860467729296,0.3141108167696395,0.49532873737447347,0.7823524672245307,0.7575973957786412,0.6066014877220539,150000.0,678.5668609142303,2026-09-25T00:26:11
B1,MaxEnt_biswas15_LQHP,all,MX_BISWAS,biswas15,y_all,"B1 fold 2 (CDR-PINO 2deg block permutation, block-carved validation)",2.0,,1376606,99137,0.07201552223366744,0.9106395781532128,0.399470546223905,"[0.9099122040783504, 0.911321577529178]","[0.39655659293780676, 0.4021407246798283]",0.06352733909043341,0.04621130938644133,0.2149922066824748,0.307089240475122,0.35441364193481123,0.702946427670799,0.9006308567957422,0.4712373971315161,150000.0,562.9255487918854,2026-09-25T00:36:56
B1,MaxEnt_biswas15_LQHP,forest,MX_BISWAS,biswas15,y_all,"B1 fold 2 (CDR-PINO 2deg block permutation, block-carved validation)",2.0,,467054,98756,0.21144450106411677,0.7542591551151069,0.4198141737227354,"[0.7530307068871318, 0.7555896971372272]","[0.4176040733679653, 0.4219730917787379]",0.1780601126978671,0.11681688431172065,0.5792569746474441,0.26912649449609827,0.36041165739798303,0.7422131313540443,0.6468213240365139,0.4852099599839804,150000.0,562.9255487918854,2026-09-25T00:36:56
B2,RF_v2,all,RF,v2_57,y_all,B2 region 0 (CDR-PINO KMeans regions),,0.0,827506,7700,0.009305068482887133,0.9777055703327467,0.26077484098147874,"[0.976981904770248, 0.9784828180049946]","[0.2532624746006241, 0.268604027099342]",0.010819417383181115,0.02679940697342778,0.047213313097489884,0.5529601886792442,0.40043923865300146,0.07103896103896104,0.9990009831594304,0.12067063754687846,2754449.0,151.04428577423096,2026-09-25T00:40:04
B2,RF_v2,forest,RF,v2_57,y_all,B2 region 0 (CDR-PINO KMeans regions),,0.0,104818,7633,0.07282146196264,0.8296496325715357,0.2625851100249469,"[0.8246691233299256, 0.8331518044224899]","[0.25605872395122087, 0.27107784648610705]",0.08317436072805082,0.13879769873538472,0.29617920231710465,0.5529601886792442,0.40043923865300146,0.07166251801388707,0.9915727735761691,0.1215690632292477,2754449.0,151.04428577423096,2026-09-25T00:40:04
B2,RF_v2,all,RF,v2_57,y_all,B2 region 1 (CDR-PINO KMeans regions),,1.0,954932,55819,0.05845337678494385,0.9428757073112775,0.3899721048516881,"[0.9422083349328232, 0.9435084309844874]","[0.3864623426941346, 0.3926995843516007]",0.06449177082790264,0.08083825402322319,0.18653800205707638,0.5158803295539852,0.3387363400968445,0.8296458195238181,0.8994520154863738,0.48106038964748893,2663508.0,138.56640934944153,2026-09-25T00:43:09
B2,RF_v2,forest,RF,v2_57,y_all,B2 region 1 (CDR-PINO KMeans regions),,1.0,263106,55534,0.2110708231663284,0.7575299373692691,0.3909679308963972,"[0.7553675608277871, 0.759921265885461]","[0.38797303452449255, 0.3941190670408918]",0.232405390803489,0.2695109974850753,0.6483674899839713,0.5158803295539852,0.3387363400968445,0.8339035545791768,0.5644691962307055,0.4817735425075944,2663508.0,138.56640934944153,2026-09-25T00:43:09
B2,RF_v2,all,RF,v2_57,y_all,B2 region 2 (CDR-PINO KMeans regions),,2.0,470106,20392,0.04337745104295627,0.9123356238873743,0.2844054176735449,"[0.9114425060469603, 0.9133809452886305]","[0.2802363873077963, 0.28876536554596854]",0.06444317263219361,0.10517244044894963,0.20177027459509406,0.6711378456463515,0.33167189711402373,0.2643193409180071,0.9758490952027289,0.29418988619927405,2955851.0,160.28433394432068,2026-09-25T00:46:15
B2,RF_v2,forest,RF,v2_57,y_all,B2 region 2 (CDR-PINO KMeans regions),,2.0,160642,20306,0.1264052987388105,0.7242565711325195,0.28525077792089604,"[0.7218525067993518, 0.7275212271947266]","[0.2805232386180557, 0.2895089192739779]",0.18595294400972637,0.266119763461047,0.5456787976688483,0.6711378456463515,0.33167189711402373,0.26543878656554715,0.9226071713601641,0.29488196515031323,2955851.0,160.28433394432068,2026-09-25T00:46:15
B2,RF_v2,all,RF,v2_57,y_all,B2 region 3 (CDR-PINO KMeans regions),,3.0,390672,103239,0.2642600442314781,0.8674401605853361,0.6141953008700201,"[0.8665123446528716, 0.868587460369249]","[0.6116139545130819, 0.6169587952663812]",0.15639388752364614,0.12260765607550954,0.45645313863210585,0.5353429723288642,0.5577777777777778,0.0024312517556349827,0.99930766474274,0.004841400727174532,3103122.0,162.5430028438568,2026-09-25T00:49:25
B2,RF_v2,forest,RF,v2_57,y_all,B2 region 3 (CDR-PINO KMeans regions),,3.0,276538,102904,0.3721152246707505,0.7839449450513947,0.6156499707447189,"[0.7825168200134686, 0.7852269983737705]","[0.6134552193089198, 0.6178217974422103]",0.21718688888963428,0.1502091774891324,0.6145004820582426,0.5353429723288642,0.5577777777777778,0.002439166601881365,0.9988539111003605,0.004857093097509531,3103122.0,162.5430028438568,2026-09-25T00:49:25
B2,RF_v2,all,RF,v2_57,y_all,B2 region 4 (CDR-PINO KMeans regions),,4.0,716988,25400,0.035425976445909835,0.95608819772493,0.4138418025722061,"[0.955446308069426, 0.9566371855098154]","[0.4074068023478278, 0.4186261309198035]",0.030693036475558728,0.05286904973628928,0.12165250461916158,0.6197229528569428,0.7009222661396575,0.06283464566929134,0.9990153096930543,0.11533041875925859,2787936.0,155.16996836662292,2026-09-25T00:52:35
B2,RF_v2,forest,RF,v2_57,y_all,B2 region 4 (CDR-PINO KMeans regions),,4.0,173734,25312,0.14569399196472768,0.8005736743291214,0.41509860881417765,"[0.7976647350632765, 0.8034313682944471]","[0.40953082654796163, 0.42148768727234165]",0.12021792037340852,0.11871000903499838,0.3977678761408715,0.6197229528569428,0.7009222661396575,0.06305309734513274,0.9954117314144804,0.11569828554858821,2787936.0,155.16996836662292,2026-09-25T00:52:35
B2,RF_v2,all,RF,v2_57,y_all,B2 region 5 (CDR-PINO KMeans regions),,5.0,800564,55861,0.06977705717469185,0.9544550994070606,0.5062053185959723,"[0.9540488199397692, 0.9549368865634207]","[0.5027215497174395, 0.5102451901459898]",0.04910642794753231,0.0480423831154222,0.1497230750249117,0.3869514480803478,0.42106001982821395,0.8591324895723313,0.9113915211836128,0.5651436646255299,2739959.0,149.47039008140564,2026-09-25T00:55:45
B2,RF_v2,forest,RF,v2_57,y_all,B2 region 5 (CDR-PINO KMeans regions),,5.0,218700,55652,0.25446730681298585,0.7972327134508408,0.5074028424522716,"[0.7958386257029898, 0.7988501035288579]","[0.5045529843551276, 0.5104387694438008]",0.17805994693206115,0.15437499910564453,0.5217479080990878,0.3869514480803478,0.42109696496415694,0.8623589448717027,0.5953522888965213,0.5658733293636992,2739959.0,149.47039008140564,2026-09-25T00:55:45
B2,RF_biswas15,all,RF,biswas15,y_all,B2 region 0 (CDR-PINO KMeans regions),,0.0,827506,7700,0.009305068482887133,0.8999729027592875,0.17390774572270568,"[0.8959045523531526, 0.9041030552571971]","[0.16707263829401045, 0.18180623028293888]",0.011420365084680827,0.046616991707902615,0.07337295566776189,0.5284293216619118,0.3387096774193548,0.005454545454545455,0.9998999763358648,0.010736196319018407,2754449.0,90.71146368980408,2026-09-25T00:57:50
B2,RF_biswas15,forest,RF,biswas15,y_all,B2 region 0 (CDR-PINO KMeans regions),,0.0,104818,7633,0.07282146196264,0.7432133562806227,0.21222204699058808,"[0.7373484867357527, 0.7488450458488463]","[0.20610710950784594, 0.21848252882844546]",0.06669124348065428,0.05466477315974224,0.2515622441136807,0.5124872981646218,0.35233160621761656,0.008908685968819599,0.9987137932808561,0.01737797086634296,2754449.0,90.71146368980408,2026-09-25T00:57:50
B2,RF_biswas15,all,RF,biswas15,y_all,B2 region 1 (CDR-PINO KMeans regions),,1.0,954932,55819,0.05845337678494385,0.9264108592198784,0.3822014166354218,"[0.9255736406486842, 0.9272818369235404]","[0.37812122357176176, 0.3857918800636535]",0.06757477802266708,0.10086373193168931,0.2154889920087796,0.5704672119213666,0.3428403333304063,0.6994571740805102,0.9167646335888815,0.46014142604596353,2663508.0,89.58122324943542,2026-09-25T01:00:06
B2,RF_biswas15,forest,RF,biswas15,y_all,B2 region 1 (CDR-PINO KMeans regions),,1.0,263106,55534,0.2110708231663284,0.7274394525421188,0.3903078019820331,"[0.7252120079957142, 0.7296441497921865]","[0.3871853030941516, 0.3940614814656887]",0.22861703545840065,0.2419220163034667,0.6447867902309643,0.5704672119213666,0.34750287461337565,0.7020203839089567,0.6473368277031584,0.4648855553501905,2663508.0,89.58122324943542,2026-09-25T01:00:06
B2,RF_biswas15,all,RF,biswas15,y_all,B2 region 2 (CDR-PINO KMeans regions),,2.0,470106,20392,0.04337745104295627,0.8655134820370461,0.15757852459477023,"[0.8637078375554577, 0.8673620631357895]","[0.1555782974458082, 0.16025702989274884]",0.07856063066846951,0.1264000680559512,0.2526144382566735,0.6038030703039087,0.16516140309987182,0.2780011769321302,0.9362817257190126,0.2072154397251261,2955851.0,100.3608980178833,2026-09-25T01:02:10
B2,RF_biswas15,forest,RF,biswas15,y_all,B2 region 2 (CDR-PINO KMeans regions),,2.0,160642,20306,0.1264052987388105,0.6278574394676735,0.1642484863765072,"[0.6248582884095155, 0.6315500390590773]","[0.16272965242684279, 0.1661044910676494]",0.21402921257084548,0.26530877097533945,0.623024615720732,0.5935594418920808,0.16854627780746406,0.29513444302176695,0.7893341694219588,0.2145606215205055,2955851.0,100.3608980178833,2026-09-25T01:02:10
B2,RF_biswas15,all,RF,biswas15,y_all,B2 region 3 (CDR-PINO KMeans regions),,3.0,390672,103239,0.2642600442314781,0.7931527044950734,0.5312262166704219,"[0.7914476956150929, 0.7944634032125725]","[0.5286891433038211, 0.5334022151668645]",0.1673605500616725,0.07813266004451966,0.4941324598289001,0.5583410760387764,0.3101970865467009,0.0035064268348201743,0.9971993473261594,0.006934467367775798,3103122.0,104.68998408317566,2026-09-25T01:04:20
B2,RF_biswas15,forest,RF,biswas15,y_all,B2 region 3 (CDR-PINO KMeans regions),,3.0,276538,102904,0.3721152246707505,0.7087358062823392,0.5576675194562066,"[0.7069437165078416, 0.710883303585588]","[0.5551898289015362, 0.5605736555827755]",0.2282078302363733,0.13210781299944716,0.6478541764626663,0.5281534399582413,0.40790842872008326,0.007618751457669284,0.9934459840814587,0.014958121076832084,3103122.0,104.68998408317566,2026-09-25T01:04:20
B2,RF_biswas15,all,RF,biswas15,y_all,B2 region 4 (CDR-PINO KMeans regions),,4.0,716988,25400,0.035425976445909835,0.9327610080274455,0.3337240769567273,"[0.9316634119328145, 0.9337812926469148]","[0.3291049368682084, 0.33802533049017924]",0.044042949905576056,0.10875820017251757,0.18384446383617123,0.5790614629875797,0.560376213592233,0.07271653543307087,0.9979048219460142,0.12872874268190687,2787936.0,99.62964367866516,2026-09-25T01:06:33
B2,RF_biswas15,forest,RF,biswas15,y_all,B2 region 4 (CDR-PINO KMeans regions),,4.0,173734,25312,0.14569399196472768,0.761980988907649,0.351446996874862,"[0.7593778966794787, 0.764796078154666]","[0.34693438851040564, 0.3571539279189073]",0.13460435245486743,0.15027560841939552,0.4318043030447306,0.5667308040984227,0.5681387157951775,0.0828460809102402,0.9892603522388864,0.14460573044167846,2787936.0,99.62964367866516,2026-09-25T01:06:33
B2,RF_biswas15,all,RF,biswas15,y_all,B2 region 5 (CDR-PINO KMeans regions),,5.0,800564,55861,0.06977705717469185,0.9186323443593586,0.4154415006140385,"[0.917686061840682, 0.9195254266372979]","[0.4116898120188873, 0.41893480116443094]",0.05516820754622946,0.06279372427557947,0.19152441958967953,0.48303172185218735,0.4382911889429873,0.4995614113603408,0.9519754855291304,0.46692489814357785,2739959.0,92.94787836074829,2026-09-25T01:08:46
B2,RF_biswas15,forest,RF,biswas15,y_all,B2 region 5 (CDR-PINO KMeans regions),,5.0,218700,55652,0.25446730681298585,0.7227100686259045,0.4349822412664376,"[0.7207985087656609, 0.7252204235279041]","[0.43186758141158804, 0.43823506821576097]",0.18382390720207947,0.09235220148754325,0.5443666982981636,0.48303172185218735,0.44618633222421294,0.5011859412060663,0.7876698886217556,0.47208963813005655,2739959.0,92.94787836074829,2026-09-25T01:08:46
B2,RF_cdr7static,all,RF,cdr7_static_1km,y_all,B2 region 0 (CDR-PINO KMeans regions),,0.0,827506,7700,0.009305068482887133,0.9740403956355718,0.22523930866745379,"[0.9730943036816343, 0.9748402656083729]","[0.2190352853353025, 0.23177226490285677]",0.018400630824887774,0.0288504317961133,0.05650012581853149,0.6564800118308121,0.2388633399684261,0.45194805194805193,0.986473629126891,0.3125420988818537,2754449.0,69.90624451637268,2026-09-25T01:10:19
B2,RF_cdr7static,forest,RF,cdr7_static_1km,y_all,B2 region 0 (CDR-PINO KMeans regions),,0.0,104818,7633,0.07282146196264,0.8046793396835448,0.22688724075131256,"[0.8004037661548188, 0.809321133420796]","[0.22185912064918514, 0.2332857108099493]",0.14447772532456837,0.22310998058033896,0.4354371258126781,0.6564800118308121,0.2388633399684261,0.45591510546312064,0.8858980295313063,0.3134852715971534,2754449.0,69.90624451637268,2026-09-25T01:10:19
B2,RF_cdr7static,all,RF,cdr7_static_1km,y_all,B2 region 1 (CDR-PINO KMeans regions),,1.0,954932,55819,0.05845337678494385,0.9406731894039572,0.3818914816364299,"[0.9401238017012747, 0.9412811477843729]","[0.37873315125718005, 0.3846493215773358]",0.08985579005871767,0.1040510677045512,0.2653585873294891,0.6923264212402072,0.3385933744382903,0.812626525018363,0.9014517641275346,0.47801459546328734,2663508.0,72.56379508972168,2026-09-25T01:12:09
B2,RF_cdr7static,forest,RF,cdr7_static_1km,y_all,B2 region 1 (CDR-PINO KMeans regions),,1.0,263106,55534,0.2110708231663284,0.7497641958492494,0.38305469399472003,"[0.7476751907561564, 0.752081736597874]","[0.38058288772628474, 0.38607895753641236]",0.32463747517123903,0.37246289698883006,0.9508503704912734,0.6923264212402072,0.33861359530599144,0.8167969172038752,0.57316979168674,0.4787537204736875,2663508.0,72.56379508972168,2026-09-25T01:12:09
B2,RF_cdr7static,all,RF,cdr7_static_1km,y_all,B2 region 2 (CDR-PINO KMeans regions),,2.0,470106,20392,0.04337745104295627,0.8843952537129945,0.157455667596069,"[0.8830777605833368, 0.8854764222808619]","[0.15577349670223847, 0.1592209056368982]",0.13901237081485945,0.16251077937587738,0.42614653203164876,0.7817094790809859,0.18632228719948019,0.6749705766967439,0.8663417194038878,0.2920308919629976,2955851.0,80.29418444633484,2026-09-25T01:13:48
B2,RF_cdr7static,forest,RF,cdr7_static_1km,y_all,B2 region 2 (CDR-PINO KMeans regions),,2.0,160642,20306,0.1264052987388105,0.6354122792470056,0.15791977414556974,"[0.6320523223790417, 0.6380591540132585]","[0.15643611790723533, 0.15942419317416304]",0.40490195078044705,0.46799749093659443,1.2347745198275686,0.7817094790809859,0.18632985420135645,0.6778292130404806,0.571706475886444,0.29230687549774353,2955851.0,80.29418444633484,2026-09-25T01:13:48
B2,RF_cdr7static,all,RF,cdr7_static_1km,y_all,B2 region 3 (CDR-PINO KMeans regions),,3.0,390672,103239,0.2642600442314781,0.8375424726894714,0.5965215353224907,"[0.8362009714748954, 0.8387979507370907]","[0.594140328048325, 0.5992006944116696]",0.1457297339457697,0.05683253621396747,0.4598436665260075,0.8076937329214604,0.6864012163831607,0.20989161072850376,0.9655571907192285,0.32147943742211144,3103122.0,83.1629900932312,2026-09-25T01:15:35
B2,RF_cdr7static,forest,RF,cdr7_static_1km,y_all,B2 region 3 (CDR-PINO KMeans regions),,3.0,276538,102904,0.3721152246707505,0.7410410838815871,0.5996944229169638,"[0.7394191914152249, 0.7427164829598895]","[0.5973144823265516, 0.6024712655165481]",0.20420809946872498,0.08404497020240412,0.6411358913786165,0.8076937329214604,0.6864012163831607,0.21057490476560678,0.9429835170531117,0.32228030905832394,3103122.0,83.1629900932312,2026-09-25T01:15:35
B2,RF_cdr7static,all,RF,cdr7_static_1km,y_all,B2 region 4 (CDR-PINO KMeans regions),,4.0,716988,25400,0.035425976445909835,0.9541063112014394,0.3788967103518887,"[0.9533638594100438, 0.9548842998595405]","[0.37385392920769284, 0.38501524815164134]",0.05415117015116236,0.06709604057497268,0.15692230107543562,0.7284685481059006,0.3517070598216128,0.6038976377952756,0.95911727791691,0.4445249445756597,2787936.0,81.76834797859192,2026-09-25T01:17:23
B2,RF_cdr7static,forest,RF,cdr7_static_1km,y_all,B2 region 4 (CDR-PINO KMeans regions),,4.0,173734,25312,0.14569399196472768,0.7971295567560794,0.38041657310957877,"[0.7943665201332205, 0.8004560064263058]","[0.37595203217703566, 0.3867954001638618]",0.2225939168106496,0.27052701476380336,0.6383962860749258,0.7284685481059006,0.3517070598216128,0.6059971554993678,0.809502634380348,0.44509249183895533,2787936.0,81.76834797859192,2026-09-25T01:17:23
B2,RF_cdr7static,all,RF,cdr7_static_1km,y_all,B2 region 5 (CDR-PINO KMeans regions),,5.0,800564,55861,0.06977705717469185,0.9479390822557512,0.44962585635376895,"[0.947393146143319, 0.948484722825982]","[0.4465165265396591, 0.4534231523000691]",0.06581577421350317,0.06879292943160639,0.19363566983444863,0.6663567515677805,0.4498091123151133,0.704462863178246,0.9353648367201421,0.5490453235854256,2739959.0,74.6177351474762,2026-09-25T01:19:08
B2,RF_cdr7static,forest,RF,cdr7_static_1km,y_all,B2 region 5 (CDR-PINO KMeans regions),,5.0,218700,55652,0.25446730681298585,0.7687828118172045,0.4507612165787287,"[0.7666770623151744, 0.7705300644772447]","[0.4478643971462342, 0.453482010165784]",0.23966071128395347,0.24716088122561167,0.6961666244120934,0.6663567515677805,0.44981425387209234,0.7071084597139367,0.7047924537559491,0.5498508422001299,2739959.0,74.6177351474762,2026-09-25T01:19:08
B2,MaxEnt_v2,all,MX_HIST,v2_57,y_all,B2 region 0 (CDR-PINO KMeans regions),,0.0,827506,7700,0.009305068482887133,0.9740334841968156,0.19629915213917953,"[0.9733109221500645, 0.9747721467782479]","[0.19120576762507263, 0.2011725343344756]",0.009242830388804276,0.005362911934309727,0.03217088032291033,0.3082513511855506,0.23104313344662944,0.37077922077922076,0.9884094529681412,0.2846886373834572,150000.0,1332.9401502609253,2026-09-25T01:42:41
B2,MaxEnt_v2,forest,MX_HIST,v2_57,y_all,B2 region 0 (CDR-PINO KMeans regions),,0.0,104818,7633,0.07282146196264,0.7998331277795369,0.19800838247546584,"[0.7953153645418546, 0.8041604672109427]","[0.1927467530679165, 0.2032727644063607]",0.07231514325892083,0.041262802627844236,0.24755714179204263,0.3082513511855506,0.23104313344662944,0.3740338006026464,0.9022277100375572,0.28564282141070535,150000.0,1332.9401502609253,2026-09-25T01:42:41
B2,MaxEnt_v2,all,MX_HIST,v2_57,y_all,B2 region 1 (CDR-PINO KMeans regions),,1.0,954932,55819,0.05845337678494385,0.9440744953132885,0.41092247211357313,"[0.9434926180161226, 0.9446811619759332]","[0.4069153716029108, 0.41394747159628054]",0.046452481921153574,0.026492902635099607,0.14324604598017296,0.3159080759441012,0.3769241274362526,0.6922374102008276,0.9289588739124003,0.4880852380741854,150000.0,1389.559963941574,2026-09-25T02:07:25
B2,MaxEnt_v2,forest,MX_HIST,v2_57,y_all,B2 region 1 (CDR-PINO KMeans regions),,1.0,263106,55534,0.2110708231663284,0.7639666276875823,0.4121885906349716,"[0.7618332696510793, 0.766431046324443]","[0.40858270768546373, 0.4152576840258925]",0.16750618261503658,0.09605961063949198,0.5119597613763262,0.3159080759441012,0.37693883523558674,0.6957899665070048,0.6922995394369182,0.4889777530308015,150000.0,1389.559963941574,2026-09-25T02:07:25
B2,MaxEnt_v2,all,MX_HIST,v2_57,y_all,B2 region 2 (CDR-PINO KMeans regions),,2.0,470106,20392,0.04337745104295627,0.879213892037217,0.1617184262938709,"[0.8777783439025996, 0.8804749204739216]","[0.1604045773489017, 0.1646473244779755]",0.13214377034304456,0.14115738667523342,1.015790680468947,0.5025774376973796,0.17408198018852086,0.7118477834444881,0.8468582254499526,0.2797510069571586,150000.0,1364.4119048118591,2026-09-25T02:31:12
B2,MaxEnt_v2,forest,MX_HIST,v2_57,y_all,B2 region 2 (CDR-PINO KMeans regions),,2.0,160642,20306,0.1264052987388105,0.637388510599143,0.16557915896100295,"[0.6350047905062393, 0.640616228835089]","[0.164677743807084, 0.16854227300400165]",0.3767974456938496,0.39148958299135406,2.9298455978670193,0.5049853151959602,0.17781491128913354,0.7126957549492761,0.5231729563333714,0.2846185615670542,150000.0,1364.4119048118591,2026-09-25T02:31:12
B2,MaxEnt_v2,all,MX_HIST,v2_57,y_all,B2 region 3 (CDR-PINO KMeans regions),,3.0,390672,103239,0.2642600442314781,0.7721838767507855,0.49965321673339985,"[0.7709127737681882, 0.773596603435177]","[0.4999874393338725, 0.5044475470827611]",0.21343440694987603,0.17039218669972284,1.1032759260325298,0.4356953353730436,0.4746803028751074,0.5835488526622691,0.7680433353164041,0.5235144858270043,150000.0,541.5057504177094,2026-09-25T02:41:14
B2,MaxEnt_v2,forest,MX_HIST,v2_57,y_all,B2 region 3 (CDR-PINO KMeans regions),,3.0,276538,102904,0.3721152246707505,0.6584369680333468,0.5125268137355259,"[0.6569495675206313, 0.6604727675673774]","[0.5122658181362398, 0.5172576335225312]",0.29354111763610896,0.24060561310994905,1.5241078103279586,0.4356953353730436,0.4856785339468798,0.5846322786286248,0.6330845341350196,0.5305811071815993,150000.0,541.5057504177094,2026-09-25T02:41:14
B2,MaxEnt_v2,all,MX_HIST,v2_57,y_all,B2 region 4 (CDR-PINO KMeans regions),,4.0,716988,25400,0.035425976445909835,0.8861336619604071,0.25728863413606035,"[0.8857379826634243, 0.8889816232315207]","[0.2517791635300856, 0.2616400832778826]",0.032688861279912676,0.02894397000219748,0.2184062305096958,0.4316070940636093,0.47352568167406467,0.11759842519685039,0.9951980080626037,0.18840671124006558,150000.0,1448.790237903595,2026-09-25T03:06:45
B2,MaxEnt_v2,forest,MX_HIST,v2_57,y_all,B2 region 4 (CDR-PINO KMeans regions),,4.0,173734,25312,0.14569399196472768,0.7469295967450312,0.32191124226822654,"[0.7445580470027091, 0.7499841351854847]","[0.31830542469511725, 0.3268456839446772]",0.131788252276701,0.11724371318189249,0.8747447852858706,0.4316070940636093,0.5206553948056476,0.11800726927939317,0.9814717494711027,0.19240555251376856,150000.0,1448.790237903595,2026-09-25T03:06:45
B2,MaxEnt_v2,all,MX_HIST,v2_57,y_all,B2 region 5 (CDR-PINO KMeans regions),,5.0,800564,55861,0.06977705717469185,0.9488232384777847,0.4901362322875341,"[0.9482956209775961, 0.9492356517733527]","[0.48626387595244186, 0.49421590716225344]",0.045244978555308075,0.020059720575741034,0.1399536498227321,0.21315011381511761,0.4541303154526237,0.6960849250818997,0.9372380667192156,0.5496593254360916,150000.0,1470.2763214111328,2026-09-25T03:32:40
B2,MaxEnt_v2,forest,MX_HIST,v2_57,y_all,B2 region 5 (CDR-PINO KMeans regions),,5.0,218700,55652,0.25446730681298585,0.7746358173248971,0.49492692772474506,"[0.7729316163255352, 0.776672829362993]","[0.4914041167901968, 0.49833627958334514]",0.16427433660232688,0.07378599212210603,0.5017660334167757,0.21315011381511761,0.4550444114170694,0.6986990584345576,0.7143969873902164,0.551143490925069,150000.0,1470.2763214111328,2026-09-25T03:32:40
B2,MaxEnt_biswas15_LQHP,all,MX_BISWAS,biswas15,y_all,B2 region 0 (CDR-PINO KMeans regions),,0.0,827506,7700,0.009305068482887133,0.9194283156506047,0.18340906696189915,"[0.9165689360709064, 0.922658773705442]","[0.17510785357085934, 0.1889186181677793]",0.008265317503120616,0.0013069690550383496,0.03771376950295312,0.39933919990905953,0.3614900314795383,0.08948051948051948,0.9985155024481401,0.14345200916094109,150000.0,645.8489785194397,2026-09-25T03:44:13
B2,MaxEnt_biswas15_LQHP,forest,MX_BISWAS,biswas15,y_all,B2 region 0 (CDR-PINO KMeans regions),,0.0,104818,7633,0.07282146196264,0.7984353902725942,0.25521213709067697,"[0.7924671596358492, 0.8035871717310791]","[0.24843951112447096, 0.2642224172142868]",0.06189155174327063,0.03415198756456903,0.2603522067768628,0.3954280928307824,0.40341880341880343,0.09275514214594524,0.9892267325204507,0.15083084789092457,150000.0,645.8489785194397,2026-09-25T03:44:13
B2,MaxEnt_biswas15_LQHP,all,MX_BISWAS,biswas15,y_all,B2 region 1 (CDR-PINO KMeans regions),,1.0,954932,55819,0.05845337678494385,0.9132627289529294,0.340594215865372,"[0.9123054577402467, 0.9142913977293071]","[0.3376881085496481, 0.3433560590661718]",0.06583698917391853,0.06381478550175115,0.21924145332937775,0.5049304677936887,0.34536728910130443,0.6265787635034665,0.9262673323597812,0.4452918109594622,150000.0,716.3849637508392,2026-09-25T03:57:04
B2,MaxEnt_biswas15_LQHP,forest,MX_BISWAS,biswas15,y_all,B2 region 1 (CDR-PINO KMeans regions),,1.0,263106,55534,0.2110708231663284,0.7116966228926153,0.3525079073516195,"[0.7091797172471729, 0.7137942240604925]","[0.3497913923570735, 0.3556603807150149]",0.2322683096791757,0.20891436946569886,0.7397400523327167,0.5049304677936887,0.34870863438585287,0.6292001296503044,0.6855934326402405,0.4487279918838049,150000.0,716.3849637508392,2026-09-25T03:57:04
B2,MaxEnt_biswas15_LQHP,all,MX_BISWAS,biswas15,y_all,B2 region 2 (CDR-PINO KMeans regions),,2.0,470106,20392,0.04337745104295627,0.8251178675533731,0.11188661193917515,"[0.8232705459690502, 0.8266807575864706]","[0.11066329463487991, 0.11306001606801162]",0.10161485631986762,0.10466785521303798,0.34271684425099114,0.5160614208336718,0.11169655942494243,0.3139466457434288,0.8867858238791766,0.16477067998146908,150000.0,535.2976126670837,2026-09-25T04:06:34
B2,MaxEnt_biswas15_LQHP,forest,MX_BISWAS,biswas15,y_all,B2 region 2 (CDR-PINO KMeans regions),,2.0,160642,20306,0.1264052987388105,0.5119682394732837,0.12093492499529016,"[0.5090811328465605, 0.5157358735385205]","[0.11995935429219179, 0.12212206327863294]",0.2842572172980681,0.30054141556962627,0.9430798224034961,0.5160614208336718,0.11637899643143253,0.31478380774155423,0.654172842321286,0.16993220789578628,150000.0,535.2976126670837,2026-09-25T04:06:34
B2,MaxEnt_biswas15_LQHP,all,MX_BISWAS,biswas15,y_all,B2 region 3 (CDR-PINO KMeans regions),,3.0,390672,103239,0.2642600442314781,0.6631503716952929,0.3285251384161133,"[0.661567377624024, 0.664640889990643]","[0.32736654986714175, 0.32968057131651485]",0.26408436070196767,0.24425817745376585,1.1234012709224606,0.42728898138299776,0.18512282849927297,0.0702932031499724,0.8888645353873772,0.10189553496208931,150000.0,457.8849513530731,2026-09-25T04:14:48
B2,MaxEnt_biswas15_LQHP,forest,MX_BISWAS,biswas15,y_all,B2 region 3 (CDR-PINO KMeans regions),,3.0,276538,102904,0.3721152246707505,0.5378541479641896,0.358540000425708,"[0.5358711286511216, 0.5397159740275127]","[0.3574379642933873, 0.3596085896332353]",0.36878737091796865,0.34941636491261197,1.5641412855034256,0.42685967041535033,0.19089017097394556,0.07041514421208116,0.8231164403285071,0.1028801033628419,150000.0,457.8849513530731,2026-09-25T04:14:48
B2,MaxEnt_biswas15_LQHP,all,MX_BISWAS,biswas15,y_all,B2 region 4 (CDR-PINO KMeans regions),,4.0,716988,25400,0.035425976445909835,0.9082115638440054,0.2344922717670236,"[0.9066069463887095, 0.9100996878499449]","[0.23243784152775518, 0.2375648280802188]",0.04468908825181437,0.05021453162670421,0.1584856622504716,0.6222498598684356,0.2846717685427363,0.34708661417322834,0.9679679230987235,0.3127960403768028,150000.0,585.5969226360321,2026-09-25T04:25:14
B2,MaxEnt_biswas15_LQHP,forest,MX_BISWAS,biswas15,y_all,B2 region 4 (CDR-PINO KMeans regions),,4.0,173734,25312,0.14569399196472768,0.7542867913667116,0.2921033999884213,"[0.7514434738377143, 0.7565984861597355]","[0.28926761141065543, 0.29515996754647456]",0.15630366794305364,0.14023556023048142,0.4925742653510838,0.6222498598684356,0.3238571586186606,0.3478982300884956,0.8761302232822628,0.335447498238196,150000.0,585.5969226360321,2026-09-25T04:25:14
B2,MaxEnt_biswas15_LQHP,all,MX_BISWAS,biswas15,y_all,B2 region 5 (CDR-PINO KMeans regions),,5.0,800564,55861,0.06977705717469185,0.9059160903455513,0.4164836114562209,"[0.9049916147503155, 0.9068991573779931]","[0.41295325789172704, 0.42041307964447333]",0.05182785957997689,0.02392260571052164,0.1750250041465598,0.24735894042617723,0.37744540183168046,0.6234224235155117,0.9228685798230972,0.47020779606551183,150000.0,726.6848275661469,2026-09-25T04:38:07
B2,MaxEnt_biswas15_LQHP,forest,MX_BISWAS,biswas15,y_all,B2 region 5 (CDR-PINO KMeans regions),,5.0,218700,55652,0.25446730681298585,0.725096913324633,0.4530315401491393,"[0.7230502120055513, 0.7269405651615105]","[0.4504150592734109, 0.45604766328989277]",0.17810146549463787,0.08336056690136359,0.5425357398577966,0.22836517269800527,0.4027369073168573,0.6541543879824624,0.6688766498209117,0.4985415554003533,150000.0,726.6848275661469,2026-09-25T04:38:07
B3static,persistence_null_everburned_trainyears,all,null,,y_testyears,,,,4160768,70144,0.016858426136713223,0.806777596143096,0.13132871627103512,"[0.8052625730607932, 0.8086849459761898]","[0.13021958710942388, 0.13270636181641157]",0.053349274846672935,0.053349185516520035,0.859888981555713,,,,,,,,2026-09-25T04:39:50
B3static,persistence_null_everburned_trainyears,forest,null,,y_testyears,,,,1197538,70040,0.05848666180112865,0.7435086567408757,0.14573986436518635,"[0.7417541095600191, 0.7447277763427793]","[0.14481103744767845, 0.1465424590558559]",0.18452354397539952,0.18452348088010567,2.974168808117254,,,,,,,,2026-09-25T04:39:50
B3static,RF_v2,all,RF,v2_57,y_testyears,,,,4160768,70144,0.016858426136713223,0.9646303030902287,0.28220136856733524,"[0.9643662613887538, 0.9649359039222826]","[0.27996784560286364, 0.2856475265628728]",0.08094779088466737,0.10880725401742283,0.25321716794112337,,,,,,,195.14232563972473,2026-09-25T04:46:33
B3static,RF_v2,forest,RF,v2_57,y_testyears,,,,1197538,70040,0.05848666180112865,0.8721851901251414,0.28230265583030933,"[0.8713846856988187, 0.8730301492721715]","[0.2798541564671321, 0.2846770921656931]",0.280470158214226,0.37398246805831603,0.8745678891245383,,,,,,,195.14232563972473,2026-09-25T04:46:33
B3static,RF_biswas15,all,RF,biswas15,y_testyears,,,,4160768,70144,0.016858426136713223,0.9614692457320975,0.264988664087321,"[0.9611716497574492, 0.9618461898739065]","[0.2629208212507191, 0.2677933160914738]",0.08170069147970672,0.11371750760338123,0.25647538171384376,,,,,,,127.99018168449402,2026-09-25T04:52:08
B3static,RF_biswas15,forest,RF,biswas15,y_testyears,,,,1197538,70040,0.05848666180112865,0.8644581442444272,0.26619779104246066,"[0.863467315627707, 0.8653598364701437]","[0.2639331818823105, 0.26849404711529445]",0.27747500329622765,0.3697722548528009,0.8584689387958249,,,,,,,127.99018168449402,2026-09-25T04:52:08
B3static,MaxEnt_v2,all,MX_HIST,v2_57,y_testyears,,,,4160768,70144,0.016858426136713223,0.957469563808129,0.2523533913030022,"[0.9571502505723366, 0.9578652488409742]","[0.2505803376181943, 0.2557636078393297]",0.04191994916875679,0.059988546107951075,0.18223678693111842,,,,,,,914.9021232128143,2026-09-25T05:16:07
B3static,MaxEnt_v2,forest,MX_HIST,v2_57,y_testyears,,,,1197538,70040,0.05848666180112865,0.8468220622404489,0.25263593565462444,"[0.8457075149000531, 0.847981902040517]","[0.25104616149811243, 0.25549291049702305]",0.14550074686571743,0.20724687381461127,0.6315550144461941,,,,,,,914.9021232128143,2026-09-25T05:16:07
B1hist,RF_v1_histlabel_fold0,all,RF,v1_57,y_v1_hist_shifted,GroupKFold(3) fold 0 (historical),0.0,,1387033,103719,0.07477760082132148,0.9491865250196538,0.5871035890745535,,,0.056454293556590575,0.0723539529783604,0.1825023930078772,,,,,,,138.36897945404053,2026-09-25T05:18:42
B1hist,MX_HIST_v1_histlabel_fold0,all,MX_HIST,v1_57,y_v1_hist_shifted,GroupKFold(3) fold 0 (historical),0.0,,1387033,103719,0.07477760082132148,0.9480592773784289,0.6198362220322211,,,0.052333966482731815,0.038745560544822526,0.21916042607853567,,,,,,,1065.6483089923859,2026-09-25T05:37:22
B1hist,RF_v1_histlabel_fold1,all,RF,v1_57,y_v1_hist_shifted,GroupKFold(3) fold 1 (historical),1.0,,1386948,66299,0.04780208053942902,0.9662538203686312,0.5588567961497838,,,0.03822502279768709,0.0495742442363976,0.1219869385547566,,,,,,,155.59167909622192,2026-09-25T05:40:02
B1hist,MX_HIST_v1_histlabel_fold1,all,MX_HIST,v1_57,y_v1_hist_shifted,GroupKFold(3) fold 1 (historical),1.0,,1386948,66299,0.04780208053942902,0.9625708643881916,0.5480840388871275,,,0.034011054214435156,0.020915761883819564,0.1202796271784244,,,,,,,1312.8134722709656,2026-09-25T06:02:44
B1hist,RF_v1_histlabel_fold2,all,RF,v1_57,y_v1_hist_shifted,GroupKFold(3) fold 2 (historical),2.0,,1387028,100056,0.07213697200056524,0.9423118038793051,0.49016973951688936,,,0.05421484854414628,0.060836652912209875,0.1753794188895374,,,,,,,149.7959566116333,2026-09-25T06:05:19
B1hist,MX_HIST_v1_histlabel_fold2,all,MX_HIST,v1_57,y_v1_hist_shifted,GroupKFold(3) fold 2 (historical),2.0,,1387028,100056,0.07213697200056524,0.9358294314763272,0.4526708577254694,,,0.056190692998412256,0.03269676913152512,0.2157416615655262,,,,,,,916.5639092922211,2026-09-25T06:21:24
maxent_n,MaxEnt_v2_n50000_seed42,all,MaxEnt(elapid),v2_57,,,,,832154,53682,0.06450969411911738,0.9634711070731345,0.6319498899158258,,,0.03830718120347405,0.019297551409097842,0.14571815395653467,0.3760191496873919,0.5317990312688086,0.6912931708952722,0.9580306035412963,0.6011468930214475,50000.0,149.80831861495972,2026-09-25T06:24:47
maxent_n,MaxEnt_v2_n50000_seed42,forest,MaxEnt(elapid),v2_57,,,,,238859,53481,0.22390196726939324,0.852185155929126,0.6338413308307491,,,0.13259501182858674,0.06782557174204092,0.5014748749499088,0.3760191496873919,0.5319493627331507,0.6937790991193133,0.8238895661836896,0.6021812516229551,50000.0,149.80831861495972,2026-09-25T06:24:47
maxent_n,MaxEnt_v2_n50000_seed43,all,MaxEnt(elapid),v2_57,,,,,832154,53682,0.06450969411911738,0.9641870712229876,0.637120768025689,,,0.03808641603340608,0.019633646496976524,0.13864555446433346,0.3987149158219734,0.5389272606421408,0.6947766476658843,0.9590107287095746,0.607008007291192,50000.0,160.05639028549194,2026-09-25T06:28:15
maxent_n,MaxEnt_v2_n50000_seed43,forest,MaxEnt(elapid),v2_57,,,,,238859,53481,0.22390196726939324,0.8559234010161846,0.6391878450428834,,,0.1317541548225484,0.06870280142693763,0.4768682849510857,0.40030040069383965,0.5400031927090136,0.6957611114227482,0.8290142303833249,0.6080661502761708,50000.0,160.05639028549194,2026-09-25T06:28:15
maxent_n,MaxEnt_v2_n50000_seed44,all,MaxEnt(elapid),v2_57,,,,,832154,53682,0.06450969411911738,0.9643335295905473,0.6356578395604856,,,0.03821860222412642,0.019946888581125245,0.1409980198548698,0.38998938533210736,0.5357224541140145,0.6981297269103237,0.9582785251107298,0.6062375645028227,50000.0,151.16416692733765,2026-09-25T06:31:34
maxent_n,MaxEnt_v2_n50000_seed44,forest,MaxEnt(elapid),v2_57,,,,,238859,53481,0.22390196726939324,0.85563645413542,0.6376231519030798,,,0.1322369964934447,0.07024038870994159,0.4852577644098545,0.38998938533210736,0.5361256994032713,0.7005291598885586,0.8251356687417062,0.6073993612295521,50000.0,151.16416692733765,2026-09-25T06:31:34
maxent_n,MaxEnt_v2_n100000_seed42,all,MaxEnt(elapid),v2_57,,,,,832154,53682,0.06450969411911738,0.9659334539204971,0.6529275655009448,,,0.03652528278347818,0.016696962823775238,0.1302914109129683,0.3749813430762524,0.5431157967111672,0.7063075146231511,0.9590274280898992,0.6140541240870002,100000.0,517.509268283844,2026-09-25T06:41:04
maxent_n,MaxEnt_v2_n100000_seed42,forest,MaxEnt(elapid),v2_57,,,,,238859,53481,0.22390196726939324,0.8615247277917302,0.6547490560619134,,,0.12638533982092118,0.05866515083187032,0.4480120929751057,0.3793684416065398,0.5454650624710782,0.7052972083543688,0.8304437419758547,0.6151688370993127,100000.0,517.509268283844,2026-09-25T06:41:04
maxent_n,MaxEnt_v2_n100000_seed43,all,MaxEnt(elapid),v2_57,,,,,832154,53682,0.06450969411911738,0.9664001068720138,0.6542099507664052,,,0.036598350544071005,0.018019600553822936,0.12800012354267304,0.4095379507518693,0.5544492751472705,0.6960619947095861,0.9614282851534801,0.6172372496386537,100000.0,517.8680572509766,2026-09-25T06:50:35
maxent_n,MaxEnt_v2_n100000_seed43,forest,MaxEnt(elapid),v2_57,,,,,238859,53481,0.22390196726939324,0.8635067701530594,0.6560263599811829,,,0.12663090266602642,0.06329161586093163,0.44024821848971035,0.4095379507518693,0.5547634959530705,0.6984723546680129,0.8382763866262447,0.6183783604820554,100000.0,517.8680572509766,2026-09-25T06:50:35
maxent_n,MaxEnt_v2_n100000_seed44,all,MaxEnt(elapid),v2_57,,,,,832154,53682,0.06450969411911738,0.9665493458254502,0.6550440539643757,,,0.03637831036902667,0.01726910655742754,0.12799257035434916,0.3698988654486838,0.5362632514923007,0.7246376811594203,0.9567884265586944,0.6163792078972595,100000.0,486.8511550426483,2026-09-25T06:59:29
maxent_n,MaxEnt_v2_n100000_seed44,forest,MaxEnt(elapid),v2_57,,,,,238859,53481,0.22390196726939324,0.8637289694044606,0.6567477230011389,,,0.12589716367067239,0.060555642266558234,0.44044072039811877,0.373861129622303,0.5385856113907506,0.7242572128419439,0.8209927823150536,0.6177720715476199,100000.0,486.8511550426483,2026-09-25T06:59:29
maxent_n,MaxEnt_v2_n150000_seed42,all,MaxEnt(elapid),v2_57,,,,,832154,53682,0.06450969411911738,0.967017946040157,0.6625503491169731,,,0.0357165094556185,0.01533836597348709,0.12532003115511184,0.4038166141594991,0.5654930444417088,0.6845497559703438,0.9637289459351139,0.6193517941112029,150000.0,1120.2393865585327,2026-09-25T07:19:02
maxent_n,MaxEnt_v2_n150000_seed42,forest,MaxEnt(elapid),v2_57,,,,,238859,53481,0.22390196726939324,0.8657422142808162,0.6642872168342202,,,0.12359316610370555,0.053753044690728016,0.43096100501552465,0.4038166141594991,0.5656551660431389,0.6869916418915128,0.8478136564209345,0.6204468311464614,150000.0,1120.2393865585327,2026-09-25T07:19:02
maxent_n,MaxEnt_v2_n150000_seed43,all,MaxEnt(elapid),v2_57,,,,,832154,53682,0.06450969411911738,0.9674375422051159,0.6639592012631754,,,0.03581766801697027,0.016977674215146676,0.12275796718257252,0.40122459537925514,0.5573885882715235,0.7080585671174695,0.9612278925895857,0.6237538461538461,150000.0,1131.0525925159454,2026-09-25T07:38:46
maxent_n,MaxEnt_v2_n150000_seed43,forest,MaxEnt(elapid),v2_57,,,,,238859,53481,0.22390196726939324,0.8673118635430892,0.665654294340582,,,0.12395457312020673,0.05957668608152433,0.4222053591858253,0.40122459537925514,0.5575100495877469,0.710551410781399,0.83730000323663,0.6247955081673423,150000.0,1131.0525925159454,2026-09-25T07:38:46
maxent_n,MaxEnt_v2_n150000_seed44,all,MaxEnt(elapid),v2_57,,,,,832154,53682,0.06450969411911738,0.9673215026820302,0.6637383578050334,,,0.03571979383245182,0.016230756679460424,0.1235936959051267,0.41044739764699345,0.5631841853544479,0.6909764911888528,0.9630429867740908,0.6205696599606844,150000.0,1153.4912769794464,2026-09-25T07:58:47
maxent_n,MaxEnt_v2_n150000_seed44,forest,MaxEnt(elapid),v2_57,,,,,238859,53481,0.22390196726939324,0.8669297536716488,0.6654297591055566,,,0.1236216040923499,0.05695018490072172,0.42522927382974857,0.41044739764699345,0.5632897934386392,0.6934612292215927,0.8448952950188264,0.6216340794998365,150000.0,1153.4912769794464,2026-09-25T07:58:47
maxent_n,MaxEnt_v2_n300000_seed42,all,MaxEnt(elapid),v2_57,,,,,832154,53682,0.06450969411911738,0.968035180108956,0.6708564177080311,,,0.03511772883672706,0.015249768969710727,0.1200579972353459,0.37591633566941907,0.5524521505453194,0.7199619984352297,0.9597801847722205,0.6251809674784253,300000.0,3411.1269290447235,2026-09-25T08:56:32
maxent_n,MaxEnt_v2_n300000_seed42,forest,MaxEnt(elapid),v2_57,,,,,238859,53481,0.22390196726939324,0.8697249985944354,0.6725388377804064,,,0.12152700074480387,0.05342584801458255,0.4127993284341804,0.37591633566941907,0.5525179444650976,0.7225369757483966,0.8311773781139078,0.6261920773948906,300000.0,3411.1269290447235,2026-09-25T08:56:32
maxent_n,MaxEnt_v2_n500000_seed42,all,MaxEnt(elapid),v2_57,,,,,832154,53682,0.06450969411911738,0.9685398307156893,0.6756184627901425,,,0.03479777359966096,0.015068350639887887,0.11807917952829776,0.40737032368764203,0.5701542435985107,0.6989121120673596,0.9636647175492503,0.6280013725342506,500000.0,7302.929088592529,2026-09-25T10:59:02
maxent_n,MaxEnt_v2_n500000_seed42,forest,MaxEnt(elapid),v2_57,,,,,238859,53481,0.22390196726939324,0.87172447186151,0.6773031146931056,,,0.1204122734259392,0.052803360723343254,0.405935106747776,0.40737032368764203,0.5701995713699443,0.7014453731231652,0.8474630215020121,0.6290495673754108,500000.0,7302.929088592529,2026-09-25T10:59:02
B1hist_v2origin,RF_v1_histlabel_fold0,all,RF,v1_57,y_v1_hist_shifted,GroupKFold(3) fold 0 (historical),0.0,,1387132,69369,0.05000893930786688,0.9458577378629924,0.42149062170314666,,,0.04162266235752525,0.05026778781507034,0.13912785826765744,,,,,,,154.06520771980286,2026-09-25T11:13:17
B1hist_v2origin,RF_v1_histlabel_fold1,all,RF,v1_57,y_v1_hist_shifted,GroupKFold(3) fold 1 (historical),1.0,,1386941,124970,0.09010477013802318,0.9526675142567874,0.5846870211401594,,,0.06032517968860664,0.06465581065098265,0.1840062618781424,,,,,,,153.60759377479553,2026-09-25T11:15:56
B1hist_v2origin,RF_v1_histlabel_fold2,all,RF,v1_57,y_v1_hist_shifted,GroupKFold(3) fold 2 (historical),2.0,,1386936,75735,0.05460598037688834,0.950802802853872,0.5557885601273672,,,0.04917347993916239,0.07031771707479448,0.1595591159262589,,,,,,,146.66769576072693,2026-09-25T11:18:27
